"","Adenorandia-type kalbreyeri","Alchornea","Allophylus","Anacardiaceae undiff.","Anopyxis klaineana","Anthocleista","Antiaris-type toxicaria","Antidesma-type","Aphania-type senegalensis","Aporrhiza","Araliaceae undiff.","Balanites","Bersama","Bertiera","Blighia","Bridelia-type","Brucea","Butyrospermum","Campylospermum","Carapa-type procera","Celastraceae undiff.","Celtis","Cf. Leonardoxa","Clausena anisata","Cnestis-type","Cocculus","Commiphora","Crateva adansonii","Croton-type","Crudia-type","Cussonia","Diospyros","Dombeya-type","Drypetes-type","Embelia-type","Entandrophragma-type","Ericaceae undiff.","Erythrococca-type3","Erythrococca-type4","Eugenia/Syzygium","Faurea-type","Ficus","Flacourtia","Flueggea","Gnidia-type","Harungana","Holoptelea grandis","Hymenocardia","Ilex mitis","Irvingia-type","Ixora-type","Keetia-type cornelia","Khaya-type","Klaineanthus gaboniae","Lannea-type","Lecaniodiscus/Aphania senegalensis","Lindackeria-type","Lonchocarpus","Lophira","Macaranga-type","Maerua-type","Mallotus-type","Margaritaria discoidea","Maytenus","Meliacea undiff.","Mitragyna-type inermis","Morelia senegalensis","Morus","Myrianthus-type","Myrica","Myrsine africana","Nuxia-type","Olea capensis","Ormocarpum","Pappea capensis","Parkinsonia aculeata-type","Pausinystalia-type","Pavetta","Pentaclethra macrophylla","Phyllanthus-type","Podocarpus","Polyscias","Prunus","Pseudospondias-type","Psorospermum","Psydrax subcordata","Pycnanthus","Rapanea","Rhamnaceae undiff.","Rhamnus-type","Rhus-type","Salix","Santiria-type","Sapotaceae undiff.","Schefflera","Schrebera","Sorindeia-type","Sterculia-type","Strombosia","Tapura fischeri-type","Teclea-type","Tetrorchidium","Thecacoris-type","Trilepisium-type madagascariensis","Uapaca","Zanthoxylum-type","Acacia","Acridocarpus","Baphia-type","Cassine","Cissampelos-type","Clematis-type","Entada-type","Landolphia-type3","Maesa","Olacaceae undiff.","Polygala-type","Rubus","Sapindaceae undiff.","Tarenna-type","Tetracera","Tapinanthus-type","Anthospermum","Apocynaceae undiff.","Acalypha","Acanthaceae undiff.","Apiaceae undiff.","Artemisia","Asteraceae undiff.","Asteraceae undiff.2","Astripomoea","Basilicum polystachyon/Hoslundia opposita","Boscia-type","Canthium","Capparidaceae undiff.","Cassia-type","Cissus","Clutia-type","Cochlospermum","Combretaceae/Melastomataceae undiff.","Euphorbiaceae undiff.","Euphorbia-type","Fabaceae undiff.","Hypericum","Indigofera","Lamiaceae undiff.","Lippia-type","Lobelia","Monocotyledoneae undiff.","Rosaceae undiff.","Rubiaceae undiff.","Solanaceae undiff.","Triumfetta-type","UNKNOWN","Walhembergia","Amaranthaceae/Chenopodiaceae undiff.","Achyranthes-type","Aerva-type","Alchemilla","Anagallis","Begonia","Brassicaceae undiff.","Celosia argentea-type","Centaurea-type","Crassula","Cyathogyne","Cyathula","Cyperaceae Ascolepis","Dipsacaceae undiff.","Dolichos-type","Eriosema-type","Galium/Rubia","Gentianaceae undiff.","Hermannia-type","Hypoestes-type","Hyptis","Impatiens","Isoglossa","Justicia-type","Laportea-type","Leonotis-type","Leucas-type","Lotus","Mellera-type","Mitracarpus villosus","Phaulopsis","Plantago","Poaceae undiff.","Primulaceae undiff.","Pterygota","Rumex","Sauvagesia erecta","Sebaea","Spermacoce-type","Streptocarpus","Swertia abyssinica-type","Thalictrum","Urticaceae undiff.","Ricinus communis","Stephania-type abyssinica","Cyperaceae undiff.","Hydrocotyle","Laurembergia tetrandra","Ludwigia-type","Mesanthenum","Nymphaea","Onagraceae undiff.","Ottelia-type","Polygonum senegalense-type","Potamogeton","Typha","Xyris","Phoenix","Pteris","Spores monolètes Lisse","Spores monolètes NL","Spores trilètes L","Spores trilètes NL"
"1",0,0,0,0,0,0,0,0,0,0,0,0,0,0,0,2,0,0,0,0,0,0,0,0,0,0,0,0,2,0,0,0,0,0,11,0,0,0,0,7,0,0,0,0,2,0,0,0,0,0,1,0,0,0,0,0,0,0,0,1,0,0,0,0,0,0,0,0,0,0,0,0,0,0,0,0,0,0,0,0,0,0,0,0,0,0,0,0,0,0,0,0,0,0,27,0,0,1,0,0,0,0,0,0,0,0,0,0,0,0,0,0,0,0,0,0,0,0,0,0,0,0,0,0,0,0,0,0,1,0,0,0,0,0,0,0,0,0,0,1,0,0,0,2,0,0,0,0,0,0,0,0,0,6,0,1,1,0,1,0,0,0,0,0,0,0,0,0,0,0,0,0,0,0,4,0,0,0,0,0,0,0,0,0,0,0,0,27,0,1,0,0,0,0,0,0,0,0,0,0,493,0,14,0,0,2,0,0,0,0,1,0,0,0,25,1,0,0
"2",0,3,0,0,0,0,0,0,0,0,0,0,0,0,0,0,0,0,0,2,0,4,0,0,0,0,0,0,0,0,1,0,0,0,0,0,0,0,0,4,0,2,0,0,2,0,0,0,2,0,1,0,0,0,0,0,0,0,0,8,0,1,0,1,0,0,0,0,0,0,0,0,1,0,0,0,0,0,0,0,0,1,0,0,0,0,0,0,0,0,0,0,0,0,42,0,0,0,0,0,0,1,0,0,0,0,0,0,0,0,0,3,0,0,1,0,0,1,0,0,0,1,0,0,0,0,0,0,3,0,0,0,0,0,0,0,0,0,0,9,0,0,0,0,0,0,0,0,0,0,0,1,0,0,0,0,0,0,0,0,0,0,0,0,0,0,0,0,0,0,0,0,0,0,0,0,1,0,0,0,0,0,0,0,0,0,0,72,0,0,0,0,0,0,4,0,0,0,0,1,234,0,1,0,0,7,0,0,0,0,0,0,0,0,65,9,8,3
"3",0,1,0,0,0,0,1,0,0,0,0,0,0,0,0,0,0,0,0,0,0,2,0,0,0,0,0,0,0,0,2,0,0,0,15,0,0,0,0,3,0,0,0,0,7,0,0,3,1,0,1,0,0,0,0,0,0,0,3,0,0,0,0,0,0,0,0,0,0,0,0,1,0,0,0,0,0,0,0,0,1,0,2,0,0,0,0,2,0,0,0,0,0,1,100,0,0,4,0,0,0,0,0,0,0,0,0,0,0,0,0,5,0,0,4,0,0,0,0,0,0,0,0,0,0,0,0,0,11,0,0,0,0,0,0,0,0,0,0,2,0,0,0,0,0,4,0,0,3,0,0,1,0,12,0,0,0,0,0,0,0,0,0,0,0,0,0,0,0,0,0,0,0,0,3,0,1,1,0,0,0,0,0,0,0,0,0,24,0,0,0,0,0,0,0,0,0,0,0,0,1184,0,9,0,0,6,0,0,0,1,1,0,0,0,29,6,7,5
"4",0,1,0,0,0,0,0,0,0,0,0,0,0,0,0,2,0,0,0,0,0,0,0,0,0,0,0,0,0,0,0,0,0,0,1,0,1,0,0,11,0,0,0,0,5,0,0,0,4,0,0,0,0,0,0,0,0,0,0,4,0,0,0,0,0,0,0,1,0,0,0,4,0,0,0,0,0,1,0,0,0,1,2,0,0,0,0,0,0,0,0,0,0,0,50,0,0,0,0,0,0,0,0,0,0,0,0,0,0,0,0,1,0,0,0,0,0,0,0,0,0,0,0,0,0,0,0,2,3,0,0,1,0,0,0,0,0,0,0,0,0,0,4,0,0,0,0,0,0,0,0,1,0,1,0,1,0,0,0,0,0,0,0,0,0,0,0,0,0,0,0,0,0,0,5,0,0,5,0,0,0,0,0,0,0,0,0,29,0,0,0,0,0,0,0,0,0,0,0,0,432,0,0,0,0,11,0,0,0,0,0,0,0,0,20,1,5,0
"5",0,2,0,0,0,0,1,0,0,0,0,0,0,0,0,0,0,0,0,0,0,1,0,0,0,0,0,0,0,0,1,0,0,0,12,0,0,0,1,13,0,0,0,1,10,0,0,0,1,0,1,0,0,0,0,0,16,0,0,6,0,0,0,0,0,0,0,0,0,0,0,0,0,0,0,0,0,0,0,0,0,1,1,0,0,0,0,4,0,0,0,0,1,0,77,0,0,0,0,0,0,0,0,0,1,0,0,0,0,0,0,7,0,0,0,0,0,5,0,0,0,0,0,0,0,0,0,0,14,3,0,1,0,0,0,0,0,0,0,2,0,0,3,0,0,0,0,0,1,0,0,1,0,2,0,0,2,0,0,0,0,0,0,0,0,0,0,0,0,0,0,0,0,0,8,0,0,0,0,0,0,0,0,0,0,0,0,53,0,0,0,0,0,0,0,0,0,0,0,0,58,0,0,0,0,33,0,0,0,1,0,0,0,0,17,3,6,1
"6",0,4,1,0,0,0,1,0,0,0,0,0,0,0,0,0,0,0,0,0,0,4,0,0,0,0,0,0,0,0,2,0,0,0,4,0,0,0,1,7,0,1,0,0,3,0,0,0,3,0,4,0,0,0,0,0,0,0,2,0,0,0,0,0,0,0,0,0,0,0,0,1,1,0,0,0,0,0,0,0,2,0,0,0,0,0,0,0,0,0,0,0,0,0,40,0,0,0,0,0,0,0,0,0,4,0,0,0,0,0,0,3,0,0,4,0,0,0,0,0,0,0,0,0,0,0,0,0,6,0,0,0,0,0,0,0,0,0,0,0,0,0,0,0,0,0,0,0,0,0,0,3,0,5,0,0,0,0,0,0,0,0,0,0,0,0,0,0,0,0,2,0,0,0,2,0,0,0,0,2,0,0,0,0,0,0,0,31,0,0,0,0,0,0,1,2,0,0,0,0,76,0,10,0,0,34,0,0,1,0,0,0,0,0,33,12,12,1
"7",0,5,0,0,0,0,0,0,0,0,0,0,0,0,0,0,0,1,0,0,0,3,0,0,0,0,0,0,0,0,1,1,0,0,0,0,0,0,0,12,0,0,0,0,5,0,0,0,11,0,0,0,0,0,0,0,0,0,0,4,0,0,0,0,0,0,0,0,0,0,0,3,2,0,0,0,0,3,0,0,0,0,3,0,0,0,0,0,0,0,0,0,0,0,114,0,0,0,0,0,0,0,0,0,0,0,0,0,0,0,0,4,0,0,0,0,0,0,0,0,0,0,0,0,1,0,0,1,15,1,0,0,0,0,0,0,0,0,0,1,0,0,2,0,0,0,0,0,0,0,0,4,0,0,0,2,0,0,0,0,0,0,0,0,0,0,0,0,0,0,0,0,0,0,4,0,0,1,0,0,0,0,0,0,0,1,0,120,0,0,0,0,0,0,0,0,0,0,0,0,227,0,45,0,2,4,0,0,0,0,0,0,0,0,72,3,4,2
"8",0,1,1,0,0,0,0,0,0,0,0,0,0,0,0,0,0,0,0,0,0,0,0,0,0,0,0,0,0,0,0,0,0,0,0,0,0,0,0,2,0,0,0,1,3,0,0,0,5,0,1,0,0,0,0,0,0,0,0,2,0,0,0,0,0,0,0,0,0,0,0,0,1,0,0,0,0,0,0,0,0,0,0,0,0,0,0,0,0,0,0,0,0,0,23,0,0,0,1,0,0,0,0,0,0,0,0,0,0,0,0,3,0,0,0,0,0,1,0,0,0,0,0,0,1,0,0,0,5,0,0,0,0,0,1,0,0,0,0,1,0,0,0,0,0,0,0,0,1,0,0,0,0,2,0,0,0,1,0,0,0,0,0,0,0,0,0,0,0,0,0,0,0,0,0,0,0,0,0,0,0,0,0,0,0,0,0,58,0,0,0,0,0,0,1,0,0,0,0,0,141,0,35,0,0,1,0,0,0,0,0,8,0,0,44,9,5,3
"9",0,1,0,0,0,0,0,0,0,0,0,0,0,0,0,1,0,0,0,0,0,2,0,1,0,0,0,0,0,0,9,0,0,0,4,0,0,0,1,8,0,2,0,0,8,0,0,1,4,0,1,0,0,0,0,0,0,0,5,1,0,0,0,1,0,0,0,0,0,0,2,0,4,0,0,0,0,0,0,1,0,0,0,0,0,0,0,1,0,0,0,0,0,0,41,0,0,0,0,1,0,1,0,0,0,0,0,0,0,0,0,3,0,0,10,0,0,0,0,0,0,0,0,0,0,0,0,0,10,0,0,0,0,0,0,0,0,0,0,2,0,0,0,1,0,2,0,0,0,0,0,2,0,0,0,0,0,0,0,0,0,1,0,0,0,0,0,0,0,0,0,0,0,0,3,0,1,5,0,1,0,0,0,0,1,0,0,104,0,0,1,0,0,0,0,0,0,1,0,0,134,0,73,0,0,31,0,3,0,0,2,9,0,0,40,5,7,4
"10",0,3,0,0,0,0,0,0,0,0,0,0,0,0,0,1,0,0,0,0,0,4,0,0,0,0,0,0,0,0,0,0,0,0,2,0,0,0,0,0,0,1,0,0,0,0,0,0,1,0,0,0,0,0,0,0,0,0,0,1,0,0,0,0,0,1,0,0,0,0,0,0,0,0,0,0,0,1,0,0,1,0,0,0,0,0,0,0,0,0,0,0,0,0,2,0,0,0,0,0,0,0,0,0,1,0,0,0,0,0,0,0,0,0,0,0,0,1,0,0,0,0,0,0,0,0,0,0,1,0,0,0,0,0,0,1,0,0,0,1,0,0,0,2,0,0,0,0,0,0,0,0,0,0,0,0,0,2,0,0,0,0,0,0,0,0,0,0,0,0,0,0,0,0,0,0,0,0,0,0,0,0,0,0,0,0,0,107,0,0,0,0,0,1,1,0,0,0,1,0,65,0,15,0,0,35,0,0,0,0,0,6,0,0,19,2,4,2
"11",0,4,0,0,0,0,1,1,0,0,1,0,0,0,0,0,0,0,0,0,0,0,0,0,0,1,0,0,0,0,0,0,0,0,5,0,0,0,0,0,0,2,0,0,0,0,0,3,0,0,0,0,0,0,0,0,0,0,0,1,0,1,0,0,1,0,0,0,0,0,0,1,1,0,0,0,0,0,0,0,0,0,0,0,0,0,0,0,0,0,0,0,0,2,1,0,0,0,0,0,0,0,0,1,1,0,0,0,0,0,0,1,0,0,0,0,0,1,0,0,0,0,0,0,2,0,0,0,1,0,0,0,0,0,0,0,0,0,0,2,1,0,1,0,0,1,0,0,5,0,0,7,0,4,0,0,0,0,0,0,0,0,0,0,0,0,0,0,0,0,0,0,0,0,0,0,0,1,0,0,0,0,0,0,0,0,0,65,0,0,0,0,0,0,0,0,0,0,0,0,95,0,13,0,0,55,0,0,0,0,0,2,0,0,16,5,4,0
"12",0,6,0,0,0,0,0,0,0,0,0,0,0,0,0,0,0,0,0,0,0,6,0,0,0,0,0,0,0,0,0,0,0,0,0,0,0,0,0,2,0,0,0,0,2,0,0,0,0,0,0,0,0,0,0,0,0,0,0,5,0,0,0,0,0,0,0,1,0,0,0,1,2,0,0,0,0,0,0,0,0,0,1,0,0,0,0,0,0,0,0,0,0,0,2,0,0,0,0,0,0,0,0,0,0,0,0,0,0,0,0,0,0,0,0,0,0,0,0,0,0,0,0,0,0,0,0,1,2,0,0,0,0,0,0,0,0,0,0,1,0,0,3,0,0,0,0,0,0,0,0,1,0,0,0,3,0,1,0,0,0,0,0,0,0,0,0,0,0,0,0,0,0,0,0,0,1,0,0,0,0,0,0,0,0,0,0,123,0,0,0,0,0,0,0,0,0,0,0,0,129,0,8,0,0,106,0,0,0,0,0,0,0,1,29,0,7,0
"13",0,5,0,0,0,0,0,0,0,0,0,0,0,0,0,0,0,0,0,0,0,2,0,0,0,0,0,0,0,0,1,0,0,0,2,0,1,0,0,0,0,1,0,0,3,0,0,0,3,0,0,0,0,0,0,0,0,0,0,2,0,2,0,0,0,0,0,0,0,0,0,0,2,0,0,0,0,0,0,0,4,0,0,0,0,0,0,0,0,0,0,0,0,0,5,0,0,0,0,0,0,0,0,0,0,0,0,0,0,0,0,0,0,0,0,0,0,0,0,0,0,0,0,0,0,0,0,1,2,0,0,0,0,0,0,0,0,0,0,1,0,0,1,0,0,0,0,0,0,0,0,0,0,1,0,0,0,0,0,0,0,0,0,0,0,0,0,0,0,0,0,0,0,0,0,0,0,0,0,0,0,0,0,0,0,0,0,118,0,0,1,0,0,0,0,0,0,0,0,0,113,0,23,0,0,81,0,0,0,0,0,0,0,0,6,0,14,1
"14",0,6,1,0,0,0,0,0,0,0,0,0,0,0,0,0,0,0,0,0,0,5,0,0,0,0,0,0,0,0,0,0,0,0,0,0,1,0,0,3,0,6,0,0,1,0,0,0,1,0,1,0,0,0,0,0,0,0,0,3,0,1,0,0,0,0,0,0,0,0,0,0,2,0,0,0,0,0,0,0,3,0,1,0,0,0,0,0,0,0,0,0,1,0,1,0,0,0,0,0,0,0,0,0,0,0,0,0,0,0,0,1,0,0,1,0,0,1,0,0,0,0,0,0,0,0,0,0,4,0,0,0,0,0,0,0,0,0,0,0,0,0,0,1,0,0,0,0,2,0,0,0,0,2,0,0,0,0,0,0,0,0,0,0,0,0,0,0,0,0,0,0,0,0,1,0,0,0,0,0,0,0,0,0,0,0,0,152,0,0,0,0,0,18,0,0,0,0,1,0,103,0,21,0,0,91,0,0,0,1,0,10,0,0,52,7,12,1
"15",0,5,0,0,0,0,0,0,0,0,0,0,0,0,0,0,0,0,0,0,0,8,0,0,0,0,0,0,0,0,0,0,0,0,5,0,1,0,0,0,0,2,0,0,2,0,0,0,0,0,0,0,0,0,0,0,3,0,0,2,0,0,0,0,0,0,0,0,0,0,0,0,1,0,0,0,0,0,0,0,0,0,0,0,0,0,0,0,0,0,0,0,0,0,7,0,0,0,0,0,0,1,0,0,0,0,0,0,0,0,0,0,0,0,0,0,0,0,0,0,0,0,0,0,0,0,0,1,2,0,0,1,0,0,0,0,0,0,0,0,0,0,1,0,0,0,0,0,0,0,0,0,0,0,0,1,0,0,0,0,0,0,0,0,0,0,0,0,0,0,0,0,0,0,3,0,0,0,0,0,0,0,0,0,0,0,0,173,0,0,0,0,0,0,0,0,0,0,0,0,31,0,5,0,0,37,0,0,0,0,0,1,0,0,9,5,8,1
"16",0,4,0,0,0,0,0,0,0,0,0,0,0,0,0,0,0,0,0,5,0,4,0,0,0,0,0,0,0,0,0,0,0,0,3,0,1,0,0,4,0,1,0,0,4,0,0,0,0,0,0,0,0,0,0,0,0,0,2,3,0,2,0,0,0,0,0,0,0,0,0,0,18,0,0,0,0,0,0,0,7,0,0,0,0,0,0,3,0,0,0,0,0,0,10,0,0,0,0,0,0,0,0,3,1,0,0,0,0,0,0,1,0,0,0,0,0,1,0,0,0,0,0,0,0,0,0,0,5,0,0,0,0,0,0,0,0,0,0,3,0,0,0,0,0,1,0,0,0,0,0,2,0,3,0,0,1,0,1,0,0,0,0,0,0,0,0,0,0,0,0,0,0,0,0,0,0,0,0,6,0,1,0,1,0,0,0,195,0,0,0,0,0,0,1,0,0,0,0,0,53,0,24,0,0,83,0,0,0,0,0,5,0,0,12,7,20,5
"17",0,5,0,0,0,0,0,0,0,0,0,0,0,0,0,0,0,0,0,0,0,4,0,0,0,0,0,0,0,0,0,0,0,0,0,0,0,0,0,2,0,0,0,0,17,0,0,0,3,0,1,0,0,0,0,0,0,1,0,3,0,0,0,0,0,0,0,2,0,0,0,1,25,0,0,0,0,0,0,0,0,0,2,0,0,0,0,1,0,0,0,0,0,0,19,0,0,0,0,0,0,0,0,0,0,0,0,0,0,0,0,1,0,0,0,0,0,0,0,0,0,0,0,0,1,0,0,0,6,0,0,0,0,0,0,0,0,0,0,1,0,0,0,0,0,0,0,0,0,0,0,1,0,1,0,0,0,0,0,0,0,0,0,0,0,0,0,0,0,0,0,2,0,0,0,2,2,0,0,0,0,0,0,0,0,0,0,154,0,0,0,0,0,0,0,0,0,0,0,0,23,0,0,0,0,99,0,0,0,0,0,0,0,0,7,2,7,0
"18",0,3,0,0,0,0,0,0,0,0,0,0,0,0,0,1,0,0,0,0,0,2,0,0,0,0,0,0,0,0,0,0,0,0,2,0,0,1,0,0,0,1,0,0,0,0,0,0,1,0,0,0,0,0,0,0,0,0,0,3,0,2,0,0,0,0,0,0,0,0,0,2,23,0,0,0,0,0,0,0,5,0,0,0,0,0,0,0,0,0,0,0,0,0,45,0,0,0,0,0,0,0,0,0,0,0,0,0,0,0,0,1,0,0,0,0,0,0,0,0,0,0,0,0,2,0,0,3,2,1,0,0,0,0,0,0,0,0,0,1,0,0,2,2,0,0,0,0,0,0,0,1,0,0,0,0,0,1,0,0,0,0,0,0,0,0,0,0,0,0,0,0,0,0,2,0,0,1,0,0,0,0,0,0,0,0,0,97,0,0,0,0,0,0,0,0,0,0,0,0,56,0,1,0,0,105,0,0,0,0,0,0,0,0,15,2,10,0
"19",0,10,0,0,0,0,0,0,0,0,0,0,0,0,0,0,0,0,0,0,0,9,0,0,0,0,0,0,0,0,0,0,0,0,1,0,1,0,0,3,0,6,0,0,0,0,1,0,0,0,0,0,0,0,0,0,0,0,0,4,0,0,1,0,0,0,0,0,0,0,1,0,15,0,0,0,0,0,0,0,5,0,0,0,0,0,0,3,0,0,0,0,0,0,2,0,0,1,0,0,0,0,0,0,1,0,0,0,0,0,0,0,0,0,4,0,0,0,0,0,0,0,0,0,7,0,0,0,0,0,0,0,0,0,0,0,0,0,0,3,0,0,0,0,0,0,0,0,3,0,0,1,0,19,0,0,0,0,0,0,0,0,0,0,0,0,0,0,0,0,0,0,0,0,0,0,0,0,0,15,0,0,0,0,0,0,0,116,0,0,0,0,0,0,0,0,0,5,0,0,28,0,0,0,0,100,0,0,0,0,18,1,0,0,7,8,7,1
"20",0,4,0,0,0,0,0,0,0,0,0,0,0,0,0,0,0,0,0,0,0,2,0,0,0,0,0,0,0,0,0,0,0,0,2,0,2,0,0,0,0,0,0,0,1,0,0,0,2,0,0,0,0,0,0,0,0,0,0,0,0,0,0,0,0,0,0,0,0,0,0,1,34,0,0,0,0,0,0,0,5,0,0,0,0,0,0,0,0,0,0,0,0,0,8,0,0,0,0,0,0,0,0,0,0,0,0,0,0,0,0,0,0,0,2,0,0,0,0,0,0,0,0,0,0,0,0,0,2,0,0,0,0,0,0,0,0,0,0,1,0,0,0,0,0,0,0,0,0,0,0,0,0,0,0,0,1,0,0,0,0,0,0,0,0,0,0,0,0,0,0,0,0,0,1,0,0,0,0,0,0,0,0,0,0,0,0,77,0,0,1,0,0,0,0,0,0,0,0,0,7,0,0,0,0,27,0,0,0,0,0,0,0,0,16,4,1,2
"21",0,2,0,1,0,0,0,1,0,0,0,0,0,0,0,0,0,0,0,0,0,1,0,2,0,0,0,0,0,0,2,0,0,0,1,0,1,0,3,4,0,0,0,0,7,0,0,2,5,0,2,1,0,2,0,0,0,0,2,2,0,1,0,0,0,0,0,0,0,0,0,6,26,0,0,0,0,2,0,0,1,0,0,0,0,0,0,1,0,0,0,0,0,0,19,0,0,0,0,0,0,1,0,0,0,0,0,0,0,0,0,3,0,0,9,0,0,1,0,0,0,0,0,0,1,0,0,0,6,0,0,2,0,0,0,0,0,0,0,2,0,0,0,0,0,3,0,0,0,0,0,3,0,7,0,0,3,0,0,0,0,0,0,0,0,0,0,0,0,0,0,0,0,0,5,0,1,0,0,4,0,0,0,0,0,0,0,48,0,0,0,0,0,0,0,0,0,0,0,0,21,0,1,0,0,55,0,8,2,14,1,0,0,0,12,12,6,0
"22",0,1,0,0,0,0,0,0,0,0,0,0,0,0,0,0,0,0,0,0,0,6,0,1,0,0,0,0,0,0,1,0,0,0,2,0,0,0,1,1,0,0,0,0,2,0,1,0,0,0,2,0,0,0,0,0,0,0,0,3,0,0,0,1,0,0,0,0,0,0,0,0,7,0,0,0,0,1,0,0,3,0,0,0,0,0,0,1,0,0,0,0,0,0,15,0,0,0,0,0,1,0,0,0,0,1,0,0,0,0,0,0,0,0,0,0,0,0,0,0,0,0,0,0,0,0,0,0,4,0,0,0,0,0,0,0,0,0,0,0,0,0,0,0,0,1,0,0,0,0,0,0,0,0,0,0,0,0,0,0,0,0,0,0,0,0,0,0,0,0,0,0,0,0,1,0,0,0,0,0,0,1,0,0,0,0,0,44,0,0,0,0,0,0,0,0,0,0,1,0,22,0,0,0,0,40,0,0,0,13,0,0,0,0,20,3,8,1
"23",0,3,1,0,0,3,2,0,0,0,0,0,0,0,0,1,0,0,0,1,0,1,0,2,0,0,0,0,0,0,0,0,0,0,4,0,4,0,2,2,0,2,0,0,10,0,0,0,5,0,6,0,0,0,0,0,0,0,10,1,0,0,0,0,0,0,0,0,0,0,0,0,11,0,0,0,0,0,0,0,11,1,0,0,0,0,0,1,0,0,0,0,0,0,32,0,0,0,0,0,0,2,0,1,0,0,0,0,0,0,0,4,0,0,6,0,0,3,0,1,0,1,0,0,2,0,0,1,4,2,0,0,0,0,0,0,0,0,0,1,0,0,0,1,0,5,0,0,0,0,0,1,0,15,0,0,2,0,0,0,0,0,0,0,0,0,0,0,0,0,0,0,0,0,6,0,2,1,0,0,0,0,0,0,0,0,0,76,0,0,0,0,0,0,4,0,0,0,0,0,58,0,0,0,0,96,0,6,0,20,1,0,6,0,30,18,13,14
"24",0,1,1,0,0,0,0,0,0,0,0,0,0,0,0,0,0,0,0,0,0,1,0,0,0,0,0,0,0,0,0,0,0,0,1,0,1,0,1,1,0,7,0,0,5,0,0,0,0,0,2,0,0,0,0,0,0,0,0,10,0,0,0,1,0,0,0,0,0,0,0,0,3,0,0,0,0,0,0,0,1,0,0,0,0,0,0,0,0,1,0,0,0,0,6,0,0,0,0,0,0,0,0,0,0,0,0,0,0,0,0,1,0,0,4,0,0,0,0,0,0,0,0,0,0,0,0,0,4,1,0,0,0,0,0,0,0,0,0,1,0,0,0,0,0,0,0,0,1,0,0,0,0,0,0,0,0,0,0,0,0,0,0,0,0,0,0,0,0,0,0,0,0,0,3,0,1,0,0,1,0,0,0,0,0,0,0,41,0,0,0,0,0,0,0,0,0,0,2,0,39,0,0,0,0,19,0,2,0,21,0,0,0,0,17,4,8,7
"25",0,7,0,0,0,0,0,3,0,0,0,0,0,0,0,0,0,0,0,0,0,2,0,0,0,0,0,0,0,0,0,0,0,0,8,0,6,0,4,3,0,0,0,0,9,0,0,0,12,0,0,0,0,0,0,0,0,1,0,4,0,0,0,0,0,0,0,1,0,0,0,5,11,0,0,0,0,4,0,0,8,1,0,0,0,0,0,0,0,0,0,0,0,0,47,0,0,0,0,0,0,0,0,0,0,0,0,0,0,0,0,2,0,0,0,0,0,0,0,0,0,0,1,0,2,0,0,0,3,0,0,1,0,0,0,0,0,0,0,0,0,0,2,0,0,0,0,0,0,0,0,5,0,3,1,3,0,0,0,0,0,0,0,0,0,0,0,0,0,0,0,1,0,0,3,0,2,0,1,0,0,0,0,0,0,0,0,79,0,0,1,0,0,0,0,0,0,0,0,0,77,0,0,0,0,69,0,0,0,0,0,0,0,3,46,5,8,0
"26",0,2,0,0,0,0,0,1,0,0,0,0,0,0,0,0,0,0,0,0,0,17,0,0,0,0,0,0,0,0,1,0,0,0,1,0,2,0,2,2,0,5,0,0,4,0,0,0,0,0,0,0,0,0,0,0,0,0,0,0,0,0,0,1,0,0,0,0,0,0,0,3,8,0,0,0,0,0,0,0,1,0,0,0,0,0,0,1,0,0,0,0,0,1,16,0,0,0,0,0,0,0,0,0,1,0,0,0,0,0,0,2,0,0,2,0,0,0,0,0,0,0,0,0,0,0,0,0,5,0,0,0,0,0,0,0,0,0,0,0,0,1,0,0,0,1,0,0,0,0,0,0,0,1,0,0,0,0,0,0,0,0,0,0,0,0,0,0,0,0,0,0,0,0,3,0,1,1,0,6,0,0,0,0,0,0,0,58,0,0,0,0,0,0,3,0,0,0,0,1,47,0,0,0,0,33,0,2,0,6,7,0,0,0,24,18,8,11
"27",0,4,0,0,0,0,0,0,0,0,0,0,0,0,0,0,0,0,0,0,0,8,0,1,0,0,0,0,0,0,0,0,0,0,0,0,1,0,0,2,0,0,0,0,5,0,0,0,3,0,0,0,0,0,0,0,0,0,0,3,0,0,0,1,0,0,0,0,0,0,0,0,8,0,0,0,0,0,0,0,0,0,0,0,0,0,0,0,0,0,0,0,0,0,22,0,0,0,0,0,0,0,0,0,0,0,0,0,0,0,0,2,0,0,1,0,0,0,0,0,0,0,0,0,0,0,0,0,5,1,0,0,0,0,0,0,0,0,0,2,0,0,0,0,0,0,0,0,1,0,0,1,0,0,0,0,0,0,1,0,0,0,0,0,0,0,0,0,0,0,0,0,0,0,2,0,0,1,1,2,0,0,0,0,0,0,0,81,0,0,0,0,0,0,1,0,0,0,0,2,67,0,0,0,0,27,0,0,0,7,0,0,0,0,28,4,1,1
"28",0,1,0,0,0,0,0,0,0,0,0,0,0,0,0,0,0,0,0,0,0,4,0,1,0,0,0,0,0,0,0,0,0,0,6,0,0,0,0,2,0,1,0,0,11,0,1,0,3,0,2,1,0,0,0,0,0,0,0,13,0,0,0,0,0,0,0,0,0,0,0,0,4,0,0,0,0,0,0,0,1,0,0,0,0,0,0,0,0,0,0,0,0,0,21,0,0,0,1,0,0,0,0,0,0,0,0,0,0,0,0,0,1,0,9,0,0,0,0,0,0,0,0,0,1,0,0,0,3,0,0,0,0,0,0,0,0,0,0,1,0,0,0,1,0,0,0,0,0,0,0,0,0,0,0,0,0,0,0,0,0,0,0,0,0,0,0,0,0,0,0,0,0,0,1,0,1,1,0,0,0,0,0,0,1,0,0,43,0,0,0,0,0,0,0,1,0,0,0,1,49,0,0,0,0,22,0,1,0,3,0,0,0,0,34,7,2,3
"29",0,5,0,0,0,0,0,0,0,0,0,0,0,0,0,0,0,0,0,0,0,8,0,0,0,0,0,0,0,0,0,0,0,0,2,0,3,0,0,6,0,4,0,0,11,0,0,1,5,0,6,0,0,0,0,0,0,0,0,30,0,1,0,0,0,1,0,0,2,0,0,5,18,0,0,0,0,1,0,0,3,1,0,0,0,0,0,2,0,0,0,0,1,0,31,0,0,0,0,0,3,0,0,1,2,3,0,0,0,0,0,7,0,0,5,0,0,0,0,0,0,0,0,0,0,0,0,0,8,0,0,0,0,0,0,0,0,0,0,3,0,0,0,2,0,5,0,0,1,0,0,3,0,2,0,0,4,0,0,0,0,0,0,0,0,0,0,0,0,0,0,0,0,0,1,0,1,0,2,2,0,0,0,0,0,0,0,92,0,0,2,0,0,0,0,0,0,1,0,0,72,0,2,0,0,64,0,0,0,4,0,0,0,0,47,7,18,3
"30",0,7,1,0,0,0,0,0,0,0,0,0,0,0,0,0,0,0,0,0,0,8,0,0,0,0,0,0,0,0,2,0,0,0,5,0,12,0,0,9,0,2,0,0,9,0,0,0,24,0,4,0,0,0,0,0,0,2,0,10,0,0,0,0,0,0,0,0,0,0,0,0,4,0,0,0,0,2,0,0,5,0,0,0,0,1,0,1,0,1,0,0,0,0,58,0,0,0,0,0,0,0,0,0,0,0,0,0,0,0,0,4,0,0,1,0,0,0,0,1,0,0,0,0,0,0,0,0,13,1,0,0,0,0,0,0,0,1,0,1,0,0,0,9,0,0,0,0,0,0,0,1,0,2,0,1,0,0,0,0,0,0,0,0,0,0,0,0,0,0,0,0,0,0,3,0,1,0,0,0,0,0,0,0,0,0,0,100,0,0,1,0,0,0,0,0,0,0,0,0,70,0,0,0,0,36,0,0,0,1,0,2,0,0,33,12,2,2
"31",0,3,0,0,0,0,0,0,0,0,0,0,0,0,0,1,0,0,0,0,0,5,0,0,0,0,0,0,0,0,6,0,0,0,1,0,3,0,0,9,0,10,0,0,5,0,0,0,26,0,0,0,0,0,0,0,0,0,1,1,0,0,1,0,0,0,0,0,0,0,0,5,3,0,0,0,0,0,0,0,4,0,0,0,0,0,0,0,0,1,0,0,0,0,31,0,0,0,0,0,0,1,0,0,0,0,0,0,0,0,0,2,0,0,8,0,0,1,0,0,0,1,0,0,0,0,0,0,3,0,0,0,0,0,0,0,0,0,0,0,2,0,0,1,0,0,0,0,0,0,0,1,0,16,0,0,2,0,0,0,0,0,0,0,0,0,0,0,0,0,0,0,0,0,0,0,2,3,0,1,0,0,0,0,0,0,0,36,0,0,0,0,0,0,0,0,0,0,0,0,47,0,4,0,0,12,0,0,0,11,0,0,0,0,6,25,5,7
"32",0,9,0,0,0,0,1,0,0,0,0,0,0,0,0,0,0,0,0,0,0,5,0,0,0,0,0,0,0,0,0,0,0,0,6,0,6,0,1,6,0,5,0,0,6,0,0,0,9,0,6,0,0,0,0,0,0,0,0,2,0,1,0,0,0,0,0,0,0,0,0,5,0,0,0,0,0,0,0,1,0,0,7,0,0,0,0,1,0,0,0,0,0,0,67,0,0,0,0,0,0,0,0,0,0,0,0,0,0,0,0,0,0,0,1,0,0,1,0,0,0,0,0,0,0,0,0,1,3,0,0,0,0,0,0,0,0,0,0,0,0,0,0,1,0,0,0,0,0,0,0,0,0,0,0,1,1,0,0,0,0,0,0,0,0,0,0,0,0,0,0,0,0,0,0,0,1,2,0,0,0,0,0,0,0,0,0,63,0,0,0,0,0,0,0,0,0,0,0,1,38,0,0,0,0,43,0,0,0,0,0,0,0,0,25,0,2,1
"33",0,8,0,0,0,0,0,0,0,0,0,0,0,0,0,0,0,0,0,0,0,4,0,0,0,0,0,0,0,0,1,0,0,0,6,0,5,0,3,1,0,0,0,0,5,0,1,0,9,1,4,0,0,0,0,0,0,0,0,8,0,0,0,0,0,0,0,0,0,0,0,0,0,0,0,0,0,3,0,0,2,0,2,0,0,0,0,1,0,0,0,0,0,0,37,0,0,0,0,0,0,0,0,0,1,0,0,0,0,0,0,5,0,0,1,0,0,0,0,0,0,0,0,0,1,0,0,0,1,0,0,0,0,0,0,0,0,0,0,3,0,0,0,0,0,0,0,0,0,0,0,1,0,0,0,0,2,0,0,0,0,0,0,0,0,0,0,0,0,0,0,0,0,0,6,0,2,1,0,0,0,0,0,1,0,0,0,57,0,0,0,0,0,0,1,1,0,0,0,3,44,0,3,0,0,18,0,1,2,1,1,1,0,0,21,11,5,6
"34",0,4,0,0,0,0,0,1,0,0,0,0,0,0,0,0,0,0,0,0,0,0,0,0,0,0,0,0,0,0,0,0,0,0,4,0,6,0,1,3,0,4,0,0,2,0,0,0,4,0,2,0,0,0,0,0,0,0,1,10,0,0,0,0,0,0,0,0,0,0,0,0,1,0,0,0,0,0,0,0,0,0,0,0,0,0,0,2,0,0,0,0,0,0,52,0,0,0,0,0,1,0,0,0,0,0,0,0,0,0,0,0,1,0,1,0,0,2,0,0,0,0,0,0,0,0,0,1,13,0,0,0,0,0,0,0,0,0,0,1,0,0,1,0,0,0,0,0,0,0,0,1,0,0,0,0,1,0,0,0,0,0,0,1,0,0,0,0,0,0,0,0,0,0,1,0,3,1,0,0,0,0,0,0,0,0,0,56,0,0,0,0,0,0,3,0,0,0,0,1,26,0,0,0,0,29,0,0,0,2,0,0,0,0,22,4,4,1
"35",0,12,1,0,0,0,0,0,0,0,0,0,0,0,0,0,0,0,0,0,0,0,0,0,0,0,0,0,0,0,0,0,0,0,0,0,12,0,3,8,0,0,0,0,15,0,0,0,36,0,0,0,0,0,0,0,0,1,0,7,0,0,0,0,0,0,0,0,0,0,0,0,7,0,0,0,0,4,0,0,4,0,4,0,0,0,0,6,0,0,0,0,0,0,132,0,0,0,0,0,0,0,0,0,0,0,0,0,0,0,0,3,0,0,0,0,0,0,0,0,0,0,1,0,0,1,0,6,10,0,0,0,0,0,0,0,0,0,0,2,0,0,0,1,0,0,0,0,0,0,0,9,0,1,0,0,0,0,0,0,0,0,0,0,0,0,4,1,0,0,0,0,0,0,5,0,2,1,0,0,0,0,0,0,0,0,0,56,0,0,0,0,0,0,0,0,0,0,0,0,81,0,0,0,0,59,0,0,0,0,0,0,0,5,41,9,11,0
"36",0,11,1,0,0,0,0,0,0,0,0,0,0,0,0,1,0,0,0,0,0,6,0,0,0,0,0,0,0,0,3,0,0,0,9,0,0,0,0,7,0,2,0,0,4,0,0,0,31,0,2,0,0,0,0,0,0,0,1,1,0,0,0,1,0,0,0,0,0,0,0,0,2,0,0,0,0,0,0,0,5,0,9,0,0,0,0,9,0,0,0,0,0,0,106,0,0,0,0,0,0,0,0,1,0,2,0,0,0,0,0,1,0,0,5,0,0,0,0,0,0,1,0,0,1,0,0,0,8,0,0,0,0,0,0,0,0,0,0,0,0,0,0,0,0,4,0,0,0,0,0,0,0,5,0,0,1,0,0,0,1,0,0,0,0,0,0,0,0,0,0,2,0,0,3,0,3,0,0,1,0,0,0,0,0,0,0,96,0,0,1,0,0,0,0,0,0,0,0,0,47,0,1,0,0,72,0,0,0,2,1,0,0,0,17,8,19,10
"37",0,1,1,0,0,0,0,0,0,0,0,0,0,0,0,0,0,0,0,0,0,2,0,0,0,0,0,0,0,0,0,0,0,0,5,0,3,1,2,5,0,0,0,0,8,0,0,0,30,0,0,0,0,0,0,0,0,0,0,4,0,0,0,1,0,0,0,0,0,0,0,0,1,0,0,0,0,0,0,0,2,0,0,0,0,0,0,1,0,0,0,0,0,0,37,0,0,0,0,0,3,0,0,0,1,0,0,0,0,0,0,1,0,0,0,0,0,0,0,0,0,0,0,0,1,0,0,0,4,0,0,0,0,0,0,0,0,0,0,0,0,0,1,0,0,1,0,0,0,0,0,3,0,0,0,0,0,0,0,0,0,0,0,0,0,0,0,0,0,0,0,0,0,0,0,0,1,1,0,2,0,0,0,0,1,0,0,63,0,0,0,0,0,0,2,0,0,0,3,0,31,0,0,0,0,30,0,1,0,1,0,0,0,0,37,9,6,9
"38",0,1,0,0,0,0,0,3,0,0,0,0,0,0,0,0,0,0,0,0,0,3,0,0,0,0,0,0,0,0,1,0,0,0,8,0,1,0,3,20,0,3,0,0,9,0,0,0,35,0,1,0,0,0,0,0,0,0,1,7,0,0,0,1,0,0,1,0,0,0,0,3,2,0,0,0,1,0,1,0,4,0,1,0,0,0,0,10,0,0,0,0,0,0,62,0,0,0,0,0,0,0,0,0,1,0,0,0,0,0,0,2,0,0,8,0,0,0,0,1,0,0,0,0,1,0,0,0,9,0,0,0,0,0,0,0,0,0,0,2,0,0,0,4,0,0,0,0,0,0,0,5,0,5,0,0,1,0,1,0,0,0,0,0,0,0,0,0,0,0,0,0,0,0,4,0,1,3,0,0,1,0,0,0,0,0,0,85,0,0,3,0,0,0,1,0,0,0,1,1,32,0,0,1,0,59,0,2,0,4,0,0,0,0,45,17,10,8
"39",0,6,1,0,0,0,0,0,0,0,0,0,0,0,0,5,0,0,0,0,0,2,0,0,0,0,0,0,0,0,1,0,0,0,1,0,7,0,7,10,0,1,0,0,11,0,0,0,39,0,4,0,0,0,0,0,0,0,0,8,0,3,0,0,0,0,0,2,0,0,0,1,3,1,0,0,0,0,0,0,9,0,6,0,0,0,0,8,0,0,0,0,0,0,147,0,0,0,0,0,0,0,0,0,0,0,0,0,0,0,0,8,0,0,0,0,0,1,0,0,0,1,0,0,0,0,1,2,9,1,0,0,0,1,0,0,0,0,0,1,0,0,1,1,0,0,0,0,0,0,0,3,0,1,0,1,0,0,0,0,0,0,0,0,0,0,0,0,0,0,0,0,0,0,4,3,0,1,0,0,0,0,0,0,0,0,0,87,0,0,0,0,0,0,0,0,0,0,0,0,42,1,0,0,0,93,0,0,0,0,0,0,0,3,22,8,11,3
"40",0,5,0,0,0,0,0,0,0,0,0,0,0,0,0,0,0,0,0,0,0,4,0,0,0,0,0,0,0,0,0,0,0,0,6,0,5,0,2,5,0,0,0,0,7,0,0,0,26,0,0,0,0,0,0,0,0,2,0,1,0,0,0,0,0,0,0,0,0,0,0,3,0,0,0,0,0,1,0,0,4,0,0,0,0,1,0,6,0,0,0,0,0,1,102,0,0,0,0,0,0,0,0,0,1,0,0,0,0,0,0,4,0,0,0,0,0,0,0,0,0,0,0,0,0,0,0,0,15,0,0,0,0,0,0,0,0,0,0,0,0,0,3,3,0,1,0,0,0,0,0,0,0,1,0,0,0,0,0,0,0,0,0,0,0,0,0,0,0,0,0,0,0,0,0,0,3,0,0,0,0,0,0,0,0,0,0,73,0,0,0,0,0,0,0,0,0,1,0,0,18,0,0,0,0,32,0,0,0,0,1,0,0,0,7,4,4,1
"41",0,10,0,0,0,0,0,0,0,0,0,0,0,0,0,0,0,0,0,0,0,1,0,0,0,0,0,0,0,0,6,0,0,0,3,0,1,0,1,11,0,4,0,0,3,0,0,0,24,0,0,0,0,0,0,0,0,0,0,1,0,0,0,0,1,0,0,0,0,0,0,3,1,0,0,0,0,0,0,1,3,2,0,0,0,0,0,2,0,0,0,0,0,0,42,0,0,0,0,0,0,0,0,0,0,0,0,0,0,0,0,0,0,0,2,0,0,0,0,0,0,0,0,0,0,0,0,2,1,0,0,0,0,0,0,0,0,0,0,0,0,0,0,6,0,0,0,0,0,0,0,1,0,20,0,0,0,0,0,0,1,0,0,0,0,0,0,0,0,0,0,0,0,0,1,0,3,0,0,1,0,0,0,0,0,0,0,40,0,0,0,0,0,0,0,0,0,0,0,0,38,0,0,0,0,28,0,0,0,35,0,0,0,0,4,11,0,25
"42",0,8,1,0,0,0,0,0,0,0,0,0,0,0,0,0,0,0,0,0,0,2,0,0,0,0,0,0,0,0,0,0,0,0,0,0,11,0,8,6,0,0,0,0,15,0,0,0,22,0,0,0,0,0,0,0,0,0,0,0,0,0,0,0,0,0,0,1,0,1,0,8,2,0,0,0,0,2,0,0,13,0,2,0,0,0,0,6,0,0,0,0,0,0,82,0,0,0,0,0,0,0,0,0,0,0,0,0,0,0,0,2,0,0,0,0,0,0,0,0,0,2,0,0,2,0,0,5,8,1,0,1,0,0,0,0,0,0,0,2,0,0,1,4,0,0,0,0,0,0,0,7,0,2,0,0,0,0,0,0,0,0,0,0,0,0,0,0,0,0,0,1,0,0,1,0,1,1,0,0,0,0,0,0,0,1,0,89,0,0,0,0,0,0,0,0,0,0,0,0,61,0,1,0,0,50,0,0,0,0,0,0,0,5,50,9,15,2
"43",0,11,1,0,0,1,0,0,0,0,0,0,0,0,0,0,0,0,0,0,0,9,0,0,0,0,0,0,0,0,4,0,0,0,2,0,2,0,3,12,0,4,0,0,13,0,0,0,12,0,0,0,0,0,0,0,0,0,2,3,0,0,0,0,0,0,0,0,0,0,0,0,1,0,0,0,0,0,0,0,7,0,0,0,0,0,0,4,0,0,0,0,0,0,75,0,0,0,0,0,0,1,0,0,0,0,0,0,0,0,0,1,0,0,9,0,0,0,0,1,0,0,0,0,0,0,0,0,9,0,0,0,0,0,0,0,0,0,0,4,0,1,0,0,0,3,0,0,0,0,0,8,0,8,0,0,1,0,0,0,0,1,0,0,0,0,0,0,0,0,0,0,0,0,2,0,0,1,0,0,0,0,0,0,0,0,0,91,0,0,0,0,0,0,1,0,0,0,0,1,72,0,0,0,0,53,0,2,0,0,0,0,0,0,42,12,13,13
"44",0,9,0,0,0,0,0,0,0,0,0,0,0,0,0,0,0,0,0,0,0,2,0,0,0,0,0,0,0,0,0,0,0,0,2,0,2,0,3,12,0,0,0,0,5,0,0,0,31,0,0,0,0,0,0,0,0,0,0,1,0,1,0,0,0,0,0,1,0,0,0,4,4,0,0,0,0,2,0,3,19,0,0,0,0,0,0,1,0,0,0,0,0,0,110,0,0,0,0,0,0,0,0,0,1,0,0,0,0,0,0,6,0,0,0,0,0,0,0,0,0,0,0,0,0,0,0,0,8,0,0,0,0,0,0,0,0,0,0,1,0,0,0,4,0,0,0,0,0,0,0,2,0,2,0,0,0,0,0,0,0,0,0,0,0,0,0,0,0,0,0,0,0,0,1,0,1,1,0,0,0,0,0,0,0,0,0,52,0,0,0,0,0,0,0,0,0,0,0,0,22,0,3,0,0,45,0,0,0,0,0,0,0,10,54,9,10,2
"45",0,8,2,0,0,0,1,0,0,0,0,0,0,0,0,1,0,0,0,0,0,12,0,0,0,0,0,0,0,0,3,0,1,1,4,0,3,0,1,10,0,5,0,0,4,0,0,0,25,0,0,0,0,0,0,0,0,0,1,1,0,0,0,2,0,0,0,0,0,0,0,3,0,0,0,0,0,0,0,0,22,0,0,0,0,0,0,4,0,0,0,0,0,0,78,0,0,0,0,0,0,0,0,0,2,0,0,0,0,0,0,2,0,0,10,0,0,0,0,1,0,0,0,0,1,0,0,0,5,1,0,0,0,0,0,0,0,0,0,2,0,0,0,2,0,4,0,0,1,1,0,2,0,12,0,0,0,0,0,0,0,0,0,0,0,0,0,0,0,0,0,0,0,0,5,0,2,0,0,0,0,0,0,0,0,0,6,86,0,0,0,0,0,0,0,0,0,0,0,1,70,0,0,0,0,35,0,1,0,13,0,0,0,0,55,38,18,14
"46",0,5,0,0,0,0,0,0,0,0,0,0,0,0,0,1,0,0,0,0,0,1,0,0,0,0,0,0,0,0,0,0,0,0,0,0,4,0,3,4,0,0,0,0,10,0,0,0,33,0,0,0,0,0,0,0,0,0,0,2,0,1,0,0,0,0,0,0,0,0,0,0,2,0,0,0,0,2,0,0,6,0,0,0,0,0,0,5,0,0,0,0,0,0,81,0,0,0,0,0,0,0,0,0,0,0,0,0,0,0,0,2,0,0,0,0,0,0,0,0,0,0,0,0,0,0,0,4,14,1,2,1,0,0,0,0,0,0,0,1,0,0,4,1,0,0,0,0,0,0,0,4,0,2,0,0,0,0,0,0,0,0,1,0,0,0,0,1,0,0,0,1,0,0,4,0,1,0,0,0,0,0,0,0,0,0,0,103,0,0,0,0,0,0,0,0,0,0,0,0,64,0,1,0,0,62,0,0,0,0,0,0,0,5,57,4,5,2
"47",0,8,0,0,0,0,0,0,0,0,0,0,0,0,0,0,0,0,0,0,0,1,0,0,0,0,0,0,0,0,0,0,0,0,1,0,7,0,1,13,0,0,0,0,20,0,0,0,13,0,0,0,0,0,0,0,0,0,0,2,0,0,0,0,0,0,0,4,0,0,0,9,3,0,0,0,0,1,0,0,24,0,1,0,0,0,0,1,0,0,0,0,0,0,118,0,0,0,0,0,0,0,0,0,0,0,0,0,0,0,0,8,0,0,0,0,0,0,0,0,0,1,0,0,0,1,0,3,10,0,0,4,0,0,0,0,0,0,0,1,0,0,0,3,0,0,0,0,0,0,0,5,0,1,0,1,0,1,0,0,0,0,0,0,0,0,0,0,0,0,0,0,0,0,0,0,1,3,0,0,0,0,0,0,0,0,0,125,0,0,0,0,0,0,0,0,0,0,0,0,110,0,0,0,0,50,0,0,0,0,0,0,0,4,51,3,10,0
"48",0,4,1,0,0,0,0,0,0,0,0,0,0,0,0,3,0,0,0,0,0,1,0,0,0,0,0,0,1,0,0,0,0,0,6,0,3,0,1,14,0,0,0,0,8,0,0,0,14,0,0,0,0,0,0,0,0,1,0,3,0,0,0,0,0,0,0,0,0,0,0,1,4,0,0,0,0,4,0,0,11,0,1,0,0,0,0,2,0,0,0,0,0,0,84,0,0,0,0,0,0,0,0,0,0,0,0,0,0,0,0,5,0,0,0,0,0,4,0,0,0,0,0,0,0,0,0,1,7,0,0,0,0,0,0,0,0,0,0,2,0,0,0,2,0,0,0,0,0,0,0,3,0,1,0,0,0,0,0,0,0,0,0,0,0,0,0,1,0,0,0,0,0,0,0,2,0,2,0,0,0,0,0,0,0,0,0,53,0,0,0,0,0,0,0,0,0,0,0,0,58,0,9,0,0,23,0,0,0,0,0,0,0,3,49,5,0,0
"49",0,4,1,0,0,0,3,0,0,0,0,0,0,0,0,0,0,0,0,0,0,9,0,0,0,0,0,0,0,0,0,0,0,0,10,0,0,0,2,13,0,2,0,0,16,0,0,2,19,0,1,0,0,0,0,0,0,0,2,2,0,0,0,2,0,0,0,0,0,0,0,1,1,0,0,0,0,0,0,0,29,0,0,0,0,0,0,2,0,0,0,0,0,0,57,0,0,0,0,0,0,0,0,0,0,0,0,0,0,0,0,2,0,0,4,0,0,0,0,1,0,0,0,0,0,0,0,0,9,0,0,0,0,0,0,0,0,0,0,0,0,0,0,0,0,0,0,0,0,0,0,2,0,13,0,0,1,0,0,0,0,0,0,0,0,0,0,0,0,0,0,0,0,0,2,0,3,1,0,1,0,0,0,0,0,0,0,46,0,0,0,0,0,0,0,0,0,0,0,0,144,0,0,0,0,32,0,0,1,0,0,0,0,0,37,19,18,14
"50",0,4,0,0,0,0,0,0,0,0,0,0,0,0,0,0,0,0,0,0,0,1,0,0,0,0,0,0,0,0,2,0,0,0,1,0,4,0,0,9,0,1,0,0,7,0,0,0,13,0,1,0,0,0,0,0,0,0,0,0,0,0,0,0,0,0,0,0,0,0,0,0,0,0,0,0,0,0,0,0,13,5,0,0,0,0,0,1,0,0,0,0,0,0,20,0,0,0,0,0,0,0,0,0,0,1,0,0,0,0,0,0,0,0,4,0,0,0,0,0,0,0,0,0,0,0,0,0,0,0,0,0,0,0,0,0,0,0,0,3,0,0,0,3,0,0,0,0,0,0,0,0,0,4,0,0,0,0,0,0,0,1,0,0,0,0,0,0,0,0,0,0,0,0,1,0,1,1,0,0,0,0,0,0,0,0,0,18,0,0,0,0,0,0,0,0,0,0,0,0,95,0,0,0,0,32,0,1,2,17,0,0,0,0,28,17,15,3
"51",0,3,0,0,0,0,0,0,0,0,0,0,0,0,0,0,0,0,0,0,0,0,0,0,0,0,0,0,0,0,0,0,0,0,0,0,0,3,0,1,0,0,0,0,0,0,2,0,1,0,0,0,0,0,0,0,0,0,0,0,0,0,0,0,0,0,0,1,0,0,0,0,0,0,0,0,0,0,0,0,1,0,0,0,0,0,0,1,0,0,0,0,0,0,1,0,0,0,0,0,0,0,0,0,0,0,0,0,0,0,0,0,0,0,0,0,0,0,0,2,0,0,0,0,0,0,0,0,5,0,0,0,0,0,0,0,0,0,0,1,1,0,0,0,0,0,0,0,0,0,0,0,0,0,0,0,0,0,0,0,0,0,0,0,0,0,0,0,0,0,0,0,0,0,0,0,0,0,0,0,0,0,0,0,0,0,0,5,0,0,0,0,0,0,0,0,0,0,0,0,4,0,0,0,0,2,0,0,0,0,0,0,0,7,19,4,10,0
"52",0,6,0,0,0,0,0,1,0,0,0,0,0,0,0,0,0,0,0,2,0,0,0,0,0,0,0,0,0,0,3,0,0,0,0,0,6,0,3,18,0,4,0,0,19,0,0,0,22,0,1,1,0,0,0,0,0,0,1,2,0,2,0,0,0,0,0,0,0,0,1,0,5,0,0,0,0,0,1,0,13,0,0,0,0,0,1,1,0,0,0,0,0,0,69,0,0,0,0,0,0,0,0,0,0,0,0,0,0,0,0,0,0,0,2,0,0,1,0,0,0,0,0,0,2,0,0,0,4,1,0,0,0,0,0,0,0,0,0,6,0,0,0,0,0,1,0,0,0,0,0,7,0,1,0,0,0,0,0,0,0,0,0,0,0,0,0,0,0,0,0,1,0,0,4,0,0,2,0,3,0,0,0,0,0,0,0,68,0,0,1,0,0,0,0,0,0,1,0,0,80,0,0,0,0,44,0,2,1,2,3,1,0,0,66,13,8,10
"53",0,4,0,0,0,0,0,0,0,0,0,0,0,0,0,3,0,0,0,0,0,1,0,0,0,0,0,0,0,0,0,0,0,0,0,0,3,0,1,3,0,0,0,0,23,0,0,0,25,0,0,0,0,0,0,0,0,0,0,2,0,2,0,0,0,0,0,2,0,0,0,0,2,0,0,0,0,0,0,0,14,0,2,0,0,0,0,3,0,0,0,0,0,0,65,0,0,0,0,0,0,0,0,0,0,0,0,0,0,0,0,3,0,0,0,0,0,0,0,0,0,0,0,0,0,0,0,1,7,1,0,0,0,0,0,0,0,0,0,2,0,1,1,1,0,0,0,0,0,0,0,3,0,1,0,0,0,0,0,0,0,0,0,0,0,0,0,0,0,0,0,0,0,0,0,0,0,3,0,0,0,0,0,0,0,0,0,57,0,0,0,0,0,0,0,0,0,0,0,0,68,0,0,0,0,31,0,0,0,0,0,0,0,3,29,3,12,1
"54",0,4,0,0,0,0,0,0,0,0,0,0,0,0,0,0,0,0,1,1,0,5,0,0,0,0,0,0,0,0,5,0,0,1,0,0,2,4,2,6,0,3,0,0,16,0,0,0,20,0,0,0,0,0,0,0,0,0,1,0,0,1,0,0,0,1,0,0,0,0,0,0,8,0,0,0,0,0,1,0,5,0,4,0,0,0,0,13,0,0,0,0,0,0,44,0,0,0,0,0,0,1,0,0,0,0,0,0,0,0,0,0,0,0,7,0,0,3,0,2,0,0,0,0,0,0,0,0,4,0,0,0,0,0,0,0,0,0,0,0,0,0,0,0,0,5,0,0,2,0,0,1,0,15,0,0,0,0,0,0,0,0,0,0,0,0,0,0,0,0,0,0,1,0,1,0,0,0,0,0,0,0,0,0,0,0,0,39,0,0,0,0,0,0,0,0,0,0,0,1,44,0,0,0,0,39,0,1,0,18,0,0,0,0,45,18,11,14
"55",0,5,1,0,0,0,0,0,0,0,0,0,0,0,0,2,0,0,0,0,0,13,0,0,0,0,0,0,0,0,3,0,0,0,4,0,3,0,3,9,0,0,0,0,13,0,0,0,34,0,1,0,0,0,0,0,0,0,4,2,0,0,2,0,0,0,0,0,0,0,0,2,3,0,0,0,0,0,0,0,8,0,0,0,0,0,0,6,0,0,0,0,0,0,62,0,0,0,0,0,0,0,0,0,1,1,0,0,0,0,0,0,0,0,4,0,0,0,0,0,0,0,0,0,0,0,0,0,6,0,0,0,0,0,0,0,0,0,0,4,0,0,0,0,0,5,0,0,1,0,0,0,0,14,0,0,3,0,0,0,0,0,0,0,0,0,0,0,0,0,0,0,0,0,5,0,0,2,0,0,0,0,0,0,0,0,0,93,0,0,0,0,0,0,7,0,0,0,0,0,67,0,2,0,0,34,0,2,1,4,0,0,0,0,55,28,12,10
"56",0,7,1,0,0,0,0,0,0,0,0,0,0,0,0,2,0,0,0,0,0,3,0,0,0,0,0,0,0,0,0,0,0,0,5,0,7,7,0,10,0,0,0,0,15,0,1,0,20,0,0,0,0,0,0,0,0,0,0,6,0,0,0,0,0,0,0,0,0,0,0,0,4,0,0,0,0,3,0,0,10,0,5,0,0,0,0,5,1,0,0,0,0,0,107,0,0,0,0,0,0,0,0,0,0,0,0,0,0,0,0,1,0,0,0,0,0,0,0,0,0,0,0,0,0,0,0,2,0,0,0,0,0,0,0,0,0,0,0,1,0,0,3,4,0,0,0,0,0,0,0,1,0,1,0,1,0,0,0,0,0,0,0,0,0,0,0,0,0,0,0,0,0,0,1,0,1,2,0,0,0,0,0,0,0,0,0,84,0,0,0,0,0,0,0,0,0,0,0,0,35,0,0,0,0,45,0,0,0,0,0,0,0,9,40,11,12,0
"57",0,5,0,0,0,0,0,0,0,0,0,0,0,0,0,1,0,0,0,0,0,1,0,0,0,0,0,0,0,0,0,0,0,0,0,0,4,3,0,6,0,0,0,0,25,0,0,0,17,0,0,0,0,0,0,0,0,0,0,1,0,1,0,0,0,0,0,4,0,0,0,0,1,0,0,0,0,0,0,0,8,0,7,0,0,0,0,9,0,0,0,0,0,0,119,0,0,0,0,0,0,0,0,0,0,0,0,0,0,0,0,5,0,0,0,0,0,0,0,0,0,0,0,0,1,0,0,1,9,0,1,4,0,0,0,0,0,0,0,3,0,0,1,5,0,0,0,0,0,0,0,3,0,5,0,2,0,0,0,0,0,0,0,0,0,0,0,0,0,0,0,0,0,0,3,0,1,1,0,0,0,0,0,0,0,0,0,70,0,0,1,0,0,0,0,0,0,0,0,0,58,0,2,0,0,36,0,0,0,0,0,0,0,5,36,4,22,2
"58",0,17,1,0,0,0,1,1,0,0,0,0,0,0,0,1,0,0,0,0,0,6,0,0,0,0,0,0,0,0,2,0,0,0,6,0,1,0,0,13,0,8,0,0,10,0,0,0,12,0,0,0,0,0,0,0,0,0,4,1,0,2,1,1,0,0,0,0,0,0,0,1,0,0,0,0,0,0,0,1,14,0,0,0,0,0,0,2,0,0,0,0,0,0,45,0,0,0,0,0,0,0,0,0,0,0,0,0,0,0,0,5,0,0,3,0,0,0,0,0,0,1,0,0,0,0,0,1,6,0,0,0,0,0,0,0,0,0,0,1,0,0,0,1,0,1,0,0,0,1,0,0,0,11,0,0,0,1,2,0,0,0,0,0,0,0,0,0,0,0,0,0,0,0,0,0,1,0,0,0,0,0,0,0,0,0,0,69,0,0,0,0,0,0,1,0,0,0,0,2,129,0,0,0,0,28,0,1,0,30,0,0,0,0,39,30,17,12
"59",0,9,1,0,0,0,0,0,0,0,0,0,0,0,0,1,0,0,0,0,0,1,0,0,0,0,0,0,0,0,0,0,0,0,0,0,12,4,0,14,0,0,0,0,8,0,1,0,25,0,0,0,0,0,0,0,0,0,1,11,0,7,0,0,0,0,0,0,0,0,0,0,16,0,0,0,0,0,0,3,48,0,1,0,0,0,0,4,0,0,0,0,0,0,46,0,0,0,0,0,0,0,0,0,0,0,0,0,0,0,0,2,0,0,0,0,0,0,1,0,0,0,0,0,0,0,0,0,6,0,0,1,0,0,0,0,0,0,0,7,0,0,3,2,0,0,0,0,0,0,0,1,0,0,0,1,0,0,0,0,0,0,0,0,0,0,0,0,0,0,0,0,0,0,1,0,0,0,0,0,0,0,0,0,0,0,0,171,0,0,1,0,0,0,0,0,0,0,2,0,70,0,0,0,0,17,0,0,0,1,0,0,0,2,29,6,12,5
"60",1,6,1,0,0,0,0,0,0,0,4,0,0,0,0,0,0,0,0,0,0,0,0,0,0,0,0,0,0,0,0,0,0,1,0,0,3,0,0,12,0,0,0,0,5,0,0,1,8,0,3,0,0,0,0,0,0,0,4,0,0,0,0,0,0,0,0,0,0,0,0,1,10,0,0,0,0,0,0,0,32,0,0,0,0,0,0,3,0,0,0,0,0,0,54,0,1,1,0,0,0,1,0,0,0,2,0,0,0,0,0,0,0,0,1,0,0,0,0,0,0,0,0,0,0,0,0,1,8,3,0,0,0,0,0,0,0,0,0,2,0,0,0,2,0,3,0,0,0,0,1,0,0,45,0,0,2,0,0,1,0,0,0,0,0,1,0,0,0,0,0,0,0,0,0,0,0,0,0,0,0,0,0,0,0,0,0,118,0,0,0,0,0,0,0,0,0,0,0,0,61,0,2,0,0,30,0,0,1,2,2,0,0,0,49,0,3,0
"61",0,11,0,0,0,1,1,0,0,0,6,0,0,0,0,1,0,0,0,1,0,5,0,2,0,0,0,0,0,0,9,0,0,0,11,0,9,0,1,13,0,7,0,0,3,0,0,3,12,0,2,0,0,0,0,0,0,0,1,4,0,1,0,3,0,0,0,0,0,0,0,3,1,0,0,0,0,0,0,0,23,0,0,0,0,0,0,19,0,0,0,0,0,1,44,0,0,0,0,0,0,0,0,4,2,0,0,0,0,0,0,0,0,0,3,0,0,0,0,1,0,0,0,0,3,0,0,0,0,0,0,0,0,0,0,0,0,0,0,3,0,0,0,1,0,0,0,0,0,0,0,0,0,32,0,0,2,0,1,0,0,0,0,0,0,0,0,0,0,0,0,0,0,0,2,0,2,0,0,0,0,0,0,0,0,0,0,38,0,0,1,0,0,0,4,0,0,0,0,0,57,0,2,0,0,35,0,0,0,29,0,0,0,0,33,40,12,24
"62",0,5,1,0,0,0,1,4,0,1,0,0,0,0,0,0,0,0,0,0,0,3,0,0,0,0,0,0,0,0,1,0,0,0,2,0,4,0,0,28,0,1,0,0,5,0,0,0,14,0,1,0,0,0,0,0,0,0,0,0,0,0,0,0,0,0,3,0,0,0,0,0,1,0,0,0,0,0,0,0,27,0,1,0,0,0,0,12,0,0,0,0,0,0,46,0,0,0,1,0,0,1,0,0,0,0,0,0,0,0,0,0,0,0,11,0,0,1,0,0,0,0,0,0,0,0,0,0,12,0,0,0,0,0,0,0,0,0,0,0,0,0,1,0,0,1,0,0,0,0,0,0,0,14,0,0,1,0,0,0,0,0,0,0,0,0,0,0,0,0,0,0,0,0,3,0,1,0,0,0,0,0,0,0,0,0,0,123,0,0,0,0,0,0,4,1,0,0,0,1,26,0,0,0,0,13,0,0,0,0,0,0,0,0,52,16,9,52
"63",0,3,1,0,0,0,0,6,0,0,0,0,0,0,0,0,0,0,0,0,0,0,0,0,0,0,0,0,0,0,2,0,0,0,0,0,6,0,1,24,0,2,0,0,1,0,3,0,25,0,2,1,0,0,0,0,0,0,5,0,0,2,0,1,0,1,0,0,0,0,0,2,2,0,0,0,0,0,0,0,44,0,0,0,0,0,0,2,0,0,0,0,0,0,34,0,0,0,0,0,0,0,0,0,0,0,0,0,0,0,0,2,0,0,1,0,0,0,0,0,0,0,0,0,0,0,0,0,51,0,0,0,0,0,0,0,0,0,0,2,0,0,0,1,0,2,0,0,0,0,0,2,0,2,0,0,1,0,0,0,0,0,0,0,0,0,0,0,0,0,0,0,0,0,8,0,1,0,0,0,0,0,0,2,0,0,0,76,0,0,0,0,0,0,3,0,0,0,0,0,19,0,0,0,0,8,0,0,0,0,0,0,0,0,67,26,13,57
"64",0,3,0,0,0,0,2,2,0,0,0,0,0,0,0,0,0,0,0,0,0,1,0,0,0,0,0,0,0,0,5,0,0,1,0,0,11,3,0,9,0,2,0,0,13,0,0,0,14,0,1,0,0,0,0,0,0,0,0,1,0,2,0,0,0,0,3,0,0,0,1,2,1,0,0,0,0,0,0,0,20,0,0,0,0,0,0,6,0,0,0,0,0,0,23,0,0,0,1,0,0,0,0,0,0,0,0,0,0,0,0,0,0,0,3,0,0,2,0,1,0,0,0,0,0,0,1,0,31,1,0,0,0,0,0,0,0,0,0,1,0,0,0,0,0,0,0,0,0,0,0,0,0,4,0,0,2,0,0,0,0,0,0,0,0,0,0,0,0,0,0,0,0,0,3,0,3,0,0,0,0,0,0,0,0,0,0,63,0,0,0,0,0,0,5,0,0,0,0,0,38,0,0,0,0,1,0,0,0,1,0,0,0,0,72,49,14,95
"65",0,4,0,0,0,0,1,0,0,0,0,0,0,0,0,0,0,0,0,0,0,3,0,5,0,0,0,0,1,0,2,0,0,0,4,0,4,0,2,12,0,4,0,0,9,1,0,0,5,0,0,0,0,0,0,0,0,0,0,0,0,0,0,1,0,2,0,0,0,0,0,5,0,0,0,0,0,0,0,0,23,0,0,0,0,0,0,4,0,0,0,0,0,0,17,0,0,0,0,0,0,0,0,0,2,0,0,0,0,0,0,1,0,0,1,0,0,0,0,0,0,0,0,0,0,0,0,0,13,0,0,0,0,0,0,0,0,0,0,1,0,0,0,0,0,0,0,0,6,0,1,1,0,38,0,0,1,0,0,0,0,0,0,0,0,0,0,0,0,0,0,0,0,0,5,0,1,2,0,0,0,0,0,0,0,0,0,39,0,0,0,0,0,0,1,0,0,0,0,0,53,0,0,0,0,3,0,0,0,3,0,0,0,0,36,80,35,71
"66",0,6,0,0,0,0,0,0,0,0,0,0,0,0,0,0,0,0,0,0,0,5,0,0,0,0,0,0,0,0,3,0,0,0,6,0,0,2,0,20,0,2,0,0,1,0,0,0,16,0,1,0,0,0,0,0,0,0,1,4,0,0,1,3,0,1,0,0,0,0,0,0,9,0,0,0,4,0,0,0,39,0,0,0,0,0,0,15,0,0,0,0,0,0,47,0,0,0,0,0,0,0,0,3,1,0,0,0,0,0,0,2,0,0,13,0,0,6,0,4,0,0,0,0,0,0,1,0,4,1,0,0,0,0,0,0,0,0,0,1,0,0,0,0,0,1,0,0,0,0,0,5,0,10,0,0,0,0,0,0,0,0,0,0,0,0,0,0,0,0,0,0,0,0,2,0,0,0,0,0,0,0,0,0,0,0,0,83,0,0,1,0,0,0,2,1,0,0,0,1,45,0,0,0,0,0,0,0,0,0,0,0,0,0,100,12,19,2
"67",0,7,0,0,0,0,0,1,0,0,0,0,0,0,0,0,0,0,0,0,0,2,0,0,0,0,0,0,0,0,6,0,0,0,1,0,2,2,2,25,0,1,0,1,11,0,0,0,12,0,0,2,0,0,0,0,0,0,1,4,0,4,0,0,0,0,0,0,0,0,0,5,23,0,0,0,1,0,0,2,28,0,1,0,0,0,0,8,0,1,0,0,0,0,37,0,0,0,0,0,0,0,0,1,1,0,0,0,0,0,0,4,1,0,21,0,0,0,0,2,0,0,0,0,0,0,0,0,3,0,0,0,0,0,0,0,0,0,1,7,0,0,0,0,0,0,0,0,0,0,0,0,0,11,0,0,0,0,0,0,1,0,0,0,0,0,0,0,0,0,0,0,0,0,2,0,0,1,0,0,0,0,0,0,0,0,0,80,2,0,0,0,0,0,2,0,0,0,2,1,50,0,0,0,0,2,0,0,0,2,0,0,0,0,66,20,26,3
"68",0,12,1,0,0,0,1,0,0,0,0,0,0,0,0,1,0,0,0,0,0,10,0,0,0,0,0,0,0,0,2,0,0,0,6,0,1,0,0,34,0,4,0,0,0,0,0,0,11,0,1,0,0,0,0,0,0,0,7,1,0,1,1,3,0,0,0,0,0,0,0,0,9,0,0,0,0,0,0,0,61,0,0,0,0,0,0,6,0,0,0,0,0,0,44,1,0,0,0,0,0,2,0,0,0,0,0,0,0,0,0,3,0,0,7,0,0,0,0,0,1,0,0,0,1,0,3,0,1,0,0,0,0,0,0,0,0,0,0,2,0,0,1,1,0,0,0,0,0,0,0,0,0,16,0,0,0,0,0,0,0,0,0,0,0,0,0,0,0,0,0,0,0,0,0,0,1,0,0,0,0,0,0,0,0,0,0,54,0,0,0,0,0,0,1,0,0,0,0,2,75,0,0,0,0,2,0,0,0,0,0,0,0,0,75,19,18,6
"69",0,19,0,0,0,0,1,1,0,0,0,0,0,0,0,0,0,0,0,0,0,6,0,1,0,0,0,0,0,0,3,0,0,0,0,0,7,0,0,13,0,3,0,0,5,0,0,1,8,0,1,1,0,0,0,0,0,0,2,4,0,3,0,13,0,0,0,0,0,0,0,0,45,0,0,0,1,1,0,2,164,0,0,0,0,0,2,17,0,0,0,0,0,0,28,0,0,0,0,0,0,1,0,2,1,0,0,0,0,0,0,0,0,0,19,0,0,0,0,0,0,0,0,0,0,0,1,0,4,0,0,0,0,0,0,0,0,0,0,1,0,0,0,0,0,2,0,0,0,0,0,0,0,9,0,0,1,0,0,0,0,0,0,0,0,0,0,0,0,0,0,0,0,0,0,0,0,1,0,2,0,0,0,0,0,0,0,38,0,0,0,0,0,0,1,0,0,0,0,1,76,0,1,0,0,0,0,1,0,0,0,1,0,0,46,12,4,3
"70",0,22,2,0,0,1,0,1,0,0,0,0,0,0,0,0,0,0,0,2,0,9,0,0,0,0,0,0,0,0,0,0,0,0,7,0,4,0,0,17,0,2,0,0,0,0,0,0,11,0,3,1,0,0,0,0,0,0,0,21,0,2,5,6,0,1,0,0,0,0,0,0,41,0,0,0,0,1,0,1,136,0,0,0,0,0,0,16,0,0,0,0,0,1,62,0,0,0,0,0,2,0,0,0,0,0,0,0,0,0,0,1,0,0,5,0,0,0,0,0,0,0,0,0,0,0,0,1,2,1,0,0,0,0,0,0,0,0,0,2,0,0,1,0,0,1,0,0,0,0,0,3,0,0,0,0,1,0,0,0,0,0,0,0,0,0,0,0,0,0,0,0,0,0,0,0,0,0,0,0,0,0,0,0,0,0,0,20,0,0,0,0,0,0,4,0,0,0,0,1,32,0,0,0,0,1,0,0,0,1,0,1,0,0,43,5,4,3
"71",0,21,1,0,0,0,0,1,0,0,5,0,0,0,0,0,0,0,0,0,0,20,0,3,0,0,0,0,0,0,5,0,0,0,15,0,6,0,1,13,1,8,0,0,4,0,0,4,11,0,1,0,0,0,0,0,0,0,5,2,0,2,0,8,0,0,0,0,0,0,0,0,57,0,0,0,0,0,0,0,149,0,0,0,0,0,0,10,0,1,0,0,0,0,19,0,0,0,0,0,0,2,0,1,0,0,0,0,0,0,0,1,0,0,2,0,0,0,0,3,0,0,0,0,0,0,0,0,8,0,0,0,0,0,0,0,0,0,0,2,0,0,0,0,0,0,0,0,2,0,0,1,0,31,0,0,0,0,0,0,1,1,0,0,1,0,0,0,0,0,0,0,0,0,0,0,1,0,0,0,0,0,0,0,0,0,0,26,0,0,0,0,0,0,0,0,0,0,0,0,54,0,2,0,0,0,0,0,0,3,0,0,0,0,34,4,4,1
"72",0,26,1,0,0,0,0,0,0,0,0,0,0,0,0,0,0,0,0,0,0,16,0,1,0,0,0,0,0,0,0,0,0,0,3,0,5,0,1,21,0,6,0,0,0,0,1,0,27,0,6,4,0,0,0,0,0,0,2,8,0,3,0,8,0,1,1,0,0,0,0,2,103,0,0,0,1,3,0,0,106,0,1,0,0,0,0,9,0,0,0,0,0,1,35,0,0,0,0,0,0,2,0,0,0,0,0,0,0,0,0,0,0,0,15,0,0,1,0,4,0,0,0,0,0,0,0,0,2,0,0,1,0,0,0,0,0,0,0,2,0,0,1,2,0,1,0,0,0,0,0,3,0,5,0,0,0,0,0,0,0,0,0,0,0,0,0,0,0,0,0,0,0,0,0,0,0,1,0,0,0,0,0,0,0,0,0,21,0,0,0,0,0,0,1,0,0,0,0,2,39,0,1,0,0,1,0,0,0,0,0,0,0,0,69,2,10,2
"73",0,14,0,0,0,0,0,0,0,0,0,0,0,0,0,0,0,0,0,0,1,3,0,1,1,0,0,0,0,0,0,0,0,1,6,0,0,0,0,16,0,3,0,0,0,0,0,1,5,0,0,0,0,1,0,0,0,0,7,0,0,2,0,0,0,1,0,0,0,0,1,0,29,0,0,0,0,0,0,0,62,0,0,0,0,0,0,0,0,0,0,0,0,0,50,0,0,0,0,0,0,0,0,0,0,0,0,0,0,0,0,2,0,0,9,0,0,0,0,0,0,0,0,0,0,0,0,0,0,2,0,0,0,0,0,0,0,0,0,1,0,0,0,0,0,7,0,0,0,0,1,0,0,28,0,0,2,0,0,0,1,1,0,0,0,0,0,0,0,0,0,0,0,0,0,0,0,0,0,0,0,0,0,0,0,0,0,18,0,0,0,2,0,0,0,0,0,0,0,1,24,0,0,0,0,2,0,0,0,3,1,0,0,0,0,17,2,0
"74",0,21,0,0,0,0,1,0,0,0,0,0,0,0,0,2,0,0,0,0,0,18,0,0,0,0,0,0,0,0,0,0,0,0,4,0,7,0,0,14,0,6,0,0,0,0,1,1,12,0,3,0,0,0,0,0,0,0,2,14,0,2,0,17,0,0,0,0,0,0,1,2,51,0,0,0,0,1,0,0,55,0,2,0,0,0,0,11,0,1,0,0,1,0,91,0,0,0,0,0,0,1,0,0,0,0,0,0,0,0,0,2,0,0,9,0,0,0,0,0,0,1,0,0,0,0,0,0,2,0,0,0,0,0,0,0,0,0,0,2,0,0,1,0,1,0,0,0,0,0,0,6,0,10,0,0,3,0,0,0,0,0,0,0,0,0,0,0,0,0,0,1,0,0,2,0,1,0,0,0,0,0,0,0,0,0,0,19,0,0,1,0,0,0,5,0,0,0,0,3,30,0,0,0,0,2,0,0,0,0,0,0,0,0,38,18,3,7
"75",0,35,0,0,1,1,0,0,0,1,0,0,0,0,0,1,0,0,0,0,0,10,0,0,0,0,0,0,0,0,9,0,0,0,4,0,1,7,0,19,0,0,0,0,0,0,0,0,46,0,3,0,0,0,1,0,0,0,1,2,0,3,1,6,0,2,0,0,0,0,2,3,50,0,0,0,2,0,1,2,84,1,0,0,0,0,1,6,0,0,0,0,0,0,60,0,0,0,0,0,0,6,0,0,2,0,0,0,0,0,0,4,0,0,8,0,0,0,1,3,0,0,0,0,0,0,0,0,8,0,0,0,0,0,0,0,0,0,0,4,0,0,0,0,0,3,0,0,0,0,0,0,0,14,0,0,0,0,0,0,0,0,0,0,0,0,0,0,0,0,0,0,0,0,0,0,0,3,0,0,0,0,0,1,0,0,0,26,0,0,0,0,0,0,3,0,0,0,0,1,63,0,0,0,0,0,0,1,0,1,0,1,0,0,39,8,4,1
"76",0,25,0,0,0,0,0,0,0,1,0,0,0,0,0,0,0,0,0,1,0,10,0,1,0,0,0,0,0,0,0,0,0,0,4,0,0,0,0,25,0,6,0,0,0,0,0,1,22,0,3,0,0,0,0,0,0,0,1,5,0,1,2,5,0,0,0,0,0,0,2,2,39,0,0,0,1,1,1,1,83,0,3,1,0,0,1,5,0,0,0,0,0,0,134,0,0,0,0,0,0,2,0,3,0,1,0,0,0,1,0,1,0,0,4,0,0,2,0,0,0,0,0,0,0,0,0,0,2,0,0,0,0,0,0,0,0,0,0,0,0,0,0,1,1,1,0,0,0,0,0,1,0,6,0,0,0,0,0,0,0,0,0,0,0,0,0,0,0,0,0,0,0,0,0,0,0,3,0,0,0,0,0,0,0,0,0,14,0,0,0,0,0,0,3,0,0,0,0,1,49,0,1,0,0,4,0,0,0,0,0,1,0,0,49,1,3,3
"77",0,10,0,0,0,0,0,0,0,2,0,0,0,0,0,1,0,0,0,1,0,9,0,0,0,0,0,0,0,0,3,0,0,0,1,0,2,0,0,18,0,7,0,0,0,0,0,0,25,0,6,0,0,0,1,0,0,0,0,0,0,0,1,3,0,2,0,0,0,0,0,5,34,0,0,0,2,1,4,0,77,1,2,0,0,0,0,7,0,0,0,0,1,1,117,0,0,0,0,0,0,5,0,0,0,0,0,0,0,0,0,1,0,0,7,0,0,2,0,2,0,0,0,0,0,0,0,0,4,2,0,0,0,0,0,0,0,0,0,0,0,2,0,0,0,8,1,0,0,0,0,0,0,20,0,0,1,0,0,0,0,0,0,0,0,0,0,0,0,0,0,0,0,0,0,0,3,4,0,0,1,1,0,0,0,0,0,10,0,0,0,0,1,0,1,0,0,0,0,1,38,0,2,0,0,0,0,0,0,0,0,0,0,0,40,12,3,7
"78",0,13,1,0,0,0,0,0,0,0,0,0,0,0,0,0,0,0,0,0,0,5,0,0,0,0,0,0,0,0,2,0,0,0,0,0,2,0,0,36,0,2,0,0,0,0,0,0,19,0,1,0,1,0,0,0,0,0,2,5,0,2,0,4,0,1,0,0,0,0,0,0,42,0,0,0,3,0,0,0,61,0,0,1,0,0,1,16,0,0,0,0,2,0,194,0,0,1,0,0,0,2,0,1,0,0,0,0,0,0,0,3,0,0,2,0,0,0,0,1,0,0,0,0,2,0,0,0,6,0,0,0,0,0,0,0,0,0,0,3,0,0,0,0,0,1,0,0,0,0,0,0,0,5,0,0,0,0,0,0,0,0,0,0,0,0,0,0,0,0,0,0,0,0,0,0,3,2,0,0,0,0,0,0,0,0,0,8,0,0,0,0,0,0,4,0,0,0,0,0,32,0,0,0,0,0,0,0,0,0,0,3,0,0,21,10,2,3
"79",0,7,5,0,0,1,0,0,0,0,0,0,0,0,0,0,0,0,0,0,2,6,0,0,0,0,0,0,0,0,4,0,1,0,4,0,1,0,0,36,0,15,0,0,1,0,0,0,26,0,2,0,0,0,1,0,0,0,3,4,0,3,4,18,0,3,0,0,0,0,0,0,23,0,0,0,0,0,0,0,47,0,5,0,0,0,0,2,0,1,0,0,0,0,231,1,0,3,0,0,0,0,0,0,0,0,0,0,0,0,0,1,0,0,5,0,0,1,0,2,0,0,0,0,0,0,0,0,4,0,0,0,0,0,0,0,0,0,0,2,0,0,0,1,0,1,0,0,0,0,0,1,0,9,0,0,0,0,0,0,0,0,0,0,0,0,0,0,0,0,0,0,0,0,2,0,1,0,0,0,0,0,0,0,0,0,2,7,0,0,0,0,0,0,7,0,0,0,0,0,34,0,0,0,0,3,0,0,0,0,0,2,0,0,32,5,1,8
"80",0,21,1,0,0,0,0,0,0,0,0,0,0,0,0,0,0,0,0,0,0,12,0,0,0,0,0,0,0,0,3,0,0,0,0,0,2,2,0,35,0,2,0,0,0,0,0,0,27,0,2,0,0,0,1,0,0,0,2,2,0,1,1,11,0,0,0,0,0,0,0,0,41,0,0,0,1,0,0,0,46,0,0,0,0,0,1,7,0,2,0,0,0,0,144,0,0,0,0,0,0,1,0,1,0,2,0,0,0,0,0,2,0,0,10,0,0,4,0,3,0,0,0,0,0,0,0,0,3,0,0,0,0,0,0,0,0,0,0,3,0,0,1,1,0,0,0,0,0,0,0,3,0,4,0,0,0,0,0,0,1,0,0,0,0,0,0,0,0,0,0,0,0,0,0,0,0,4,0,0,0,0,0,0,0,0,0,10,0,0,0,0,0,0,1,0,0,0,0,1,35,0,1,0,0,4,0,0,0,0,0,0,0,0,38,8,0,10
"81",0,17,1,0,0,0,0,0,0,0,0,0,0,0,0,0,0,0,0,0,0,14,0,0,0,0,0,0,0,0,13,0,1,0,2,0,0,7,0,49,0,3,0,0,0,0,0,6,20,0,5,0,0,0,0,0,0,0,0,3,0,1,1,5,0,0,7,0,0,0,0,0,28,0,0,0,1,1,0,0,31,0,1,0,0,0,0,13,0,0,0,0,2,0,138,0,0,0,0,0,0,1,0,0,2,1,0,0,0,1,0,3,0,0,12,0,0,3,0,2,0,0,0,0,0,0,0,0,6,0,0,0,0,0,0,0,0,0,0,2,0,0,0,2,1,1,0,0,0,0,0,3,0,27,0,0,0,0,0,0,0,0,0,0,0,0,0,0,0,0,0,0,0,0,0,0,2,0,0,3,0,0,0,0,0,0,0,6,0,0,1,0,0,0,5,0,0,0,0,1,89,0,0,0,0,3,0,1,0,3,0,0,0,0,25,3,1,4
"82",0,19,1,0,0,0,2,0,0,0,0,0,0,0,0,2,0,0,0,4,0,13,0,0,0,0,0,0,0,0,2,0,0,0,1,0,1,1,0,55,0,4,0,0,0,0,1,0,22,0,2,0,0,0,0,0,0,0,0,7,0,1,5,7,0,0,0,0,0,0,0,1,26,0,0,0,0,0,0,0,51,0,1,0,0,0,0,10,0,1,0,0,1,0,176,0,0,0,0,0,0,0,0,0,0,2,0,0,0,0,0,3,0,0,2,0,0,1,0,2,0,0,0,0,0,0,0,0,4,0,0,0,0,0,0,0,0,0,0,0,1,0,0,0,0,2,0,0,1,0,0,7,0,5,0,0,1,0,0,0,0,0,0,0,0,0,0,0,0,0,0,0,0,0,0,0,4,9,0,0,0,0,0,0,0,0,0,9,0,0,0,0,0,0,8,0,0,0,0,1,18,0,0,0,0,1,0,0,0,0,0,0,0,0,19,5,2,1
"83",0,37,0,0,0,0,0,0,0,0,0,0,0,0,0,0,0,0,0,0,0,12,0,1,0,0,0,0,0,0,39,0,0,0,0,0,0,0,0,19,0,7,0,0,0,0,0,0,13,0,0,0,0,0,0,0,0,0,1,2,0,0,0,0,3,0,0,0,4,0,0,0,23,0,0,0,0,0,0,0,22,0,0,0,0,0,0,1,0,0,0,0,0,0,132,0,0,0,0,0,0,0,0,0,0,3,0,0,0,0,0,0,0,0,4,0,0,0,0,0,0,0,0,0,0,0,0,0,4,0,0,0,0,0,0,0,0,0,0,2,0,0,0,0,0,0,0,0,0,0,0,11,0,21,0,0,2,0,0,0,2,0,0,0,0,0,0,0,0,0,0,0,0,0,0,0,1,0,0,1,0,0,0,1,0,0,0,13,0,0,0,0,0,0,0,0,0,0,0,0,17,0,1,0,0,1,0,1,0,3,0,0,0,0,10,9,1,1
"84",0,20,3,0,0,1,1,0,0,0,0,0,0,0,0,0,0,0,0,3,0,8,0,0,0,0,0,0,0,0,2,0,0,0,3,0,1,3,0,39,0,6,0,0,0,0,0,1,14,0,2,2,0,0,0,0,0,0,3,3,0,6,0,6,0,0,0,0,0,0,0,4,39,0,0,0,0,0,0,1,58,0,3,0,0,0,2,8,0,0,0,0,2,0,183,0,0,0,0,0,0,4,1,1,0,3,0,0,0,0,0,1,0,0,3,0,0,10,0,0,0,0,0,0,1,0,0,1,7,0,0,1,0,0,0,0,0,0,0,1,2,0,0,0,0,0,0,0,0,0,0,0,0,4,0,0,0,0,0,0,0,0,0,0,0,0,0,0,0,0,0,0,0,0,1,0,0,3,0,0,0,0,0,0,0,0,0,3,0,0,1,0,0,0,7,0,0,0,0,1,19,0,2,0,0,4,0,1,1,0,0,2,0,0,23,19,4,5
"85",0,10,1,0,1,2,0,0,0,0,0,0,0,0,0,3,0,0,0,0,0,10,0,0,0,0,0,0,0,0,2,0,0,0,3,0,1,0,0,42,0,4,0,0,0,0,0,1,19,0,0,0,0,0,0,0,0,0,0,5,0,3,0,4,0,0,0,0,0,0,0,2,21,0,0,0,3,1,0,1,42,4,1,1,0,0,1,14,0,0,0,0,0,0,137,0,0,0,0,0,0,3,0,3,0,0,0,0,0,0,0,1,0,0,6,0,0,4,0,0,0,0,0,0,0,0,0,0,7,0,0,0,0,0,0,0,0,0,0,3,0,5,0,0,0,2,0,0,0,0,0,0,0,25,0,0,0,0,0,0,3,0,0,0,0,0,0,0,0,0,0,0,0,0,1,0,0,3,0,1,0,0,0,0,0,0,0,4,1,0,0,0,0,0,11,0,0,0,0,1,16,0,4,0,0,8,0,0,0,1,0,1,0,0,43,5,6,8
"86",0,21,2,0,0,0,1,0,0,0,0,0,0,0,0,0,0,0,0,4,0,8,0,0,0,0,0,0,0,0,7,0,0,0,0,0,1,0,0,35,0,3,0,0,0,0,1,2,9,0,2,1,0,0,0,0,0,0,7,7,0,2,0,9,0,1,0,0,0,0,0,5,34,0,0,0,4,0,0,1,20,0,0,0,0,0,1,4,0,0,0,0,1,0,181,0,0,0,0,0,0,4,0,1,0,0,0,0,0,0,0,0,0,0,6,0,0,2,0,0,0,0,0,0,2,0,0,0,0,0,0,0,0,0,0,0,0,0,0,3,0,0,0,0,0,3,0,0,0,0,0,9,0,6,0,0,1,0,0,0,0,0,0,0,0,0,0,0,0,0,0,0,0,0,0,0,0,2,0,0,0,0,0,2,0,0,0,12,0,0,2,0,0,0,4,0,0,0,0,0,23,0,0,0,0,5,0,1,0,0,0,1,0,0,40,2,1,3
"87",0,15,3,0,0,1,0,0,0,0,0,0,0,0,0,0,0,0,0,0,0,10,0,0,0,0,0,0,0,0,4,0,0,0,3,0,1,2,0,28,0,4,0,0,0,0,1,0,6,0,2,0,0,0,0,0,0,0,0,3,0,5,2,2,0,1,0,0,0,0,0,4,51,0,0,0,1,1,0,1,42,2,7,0,0,0,0,11,0,0,0,0,0,0,120,0,0,0,0,0,0,2,0,1,0,0,0,0,0,0,0,0,0,0,9,0,0,2,0,2,0,1,0,1,0,0,3,0,3,0,0,0,0,0,0,0,0,0,0,0,0,0,0,0,0,3,0,0,0,0,0,2,0,22,0,0,0,0,0,0,1,0,0,0,0,0,0,0,0,0,0,0,0,0,0,0,1,2,0,0,0,0,0,0,0,0,0,3,0,0,0,0,0,0,7,0,0,0,0,0,26,0,0,0,0,7,0,0,0,0,1,0,0,0,45,11,6,6
"88",0,21,2,0,0,0,2,1,0,0,0,0,0,0,0,1,0,0,0,2,0,10,0,0,0,0,0,0,0,0,1,0,1,0,5,0,1,0,0,27,0,11,0,0,0,0,4,0,15,0,3,0,0,0,0,0,0,0,1,10,0,2,0,10,0,0,1,0,0,0,0,1,32,0,0,0,0,1,0,1,43,0,2,0,0,0,0,11,0,0,0,0,1,1,202,0,0,0,0,0,0,5,0,0,3,2,0,0,0,0,0,0,0,0,2,0,0,5,0,0,0,0,0,0,0,0,0,0,2,0,0,0,0,0,0,0,0,0,0,2,1,0,0,0,0,0,0,0,0,0,0,0,0,4,0,0,0,0,0,0,0,0,0,0,0,0,0,0,0,0,0,0,0,0,0,0,0,0,0,0,0,0,0,0,0,0,0,11,0,0,1,0,0,0,4,0,0,0,0,1,20,0,1,0,0,6,0,0,0,2,0,1,0,0,33,14,0,6
"89",0,28,3,0,0,1,1,0,0,0,0,0,0,0,0,0,0,0,0,3,0,16,0,0,0,0,0,0,0,0,0,0,0,0,6,0,4,0,0,47,0,11,2,1,0,0,0,0,11,0,0,0,0,0,0,0,0,0,0,3,0,2,1,7,0,0,0,0,0,0,0,0,17,0,0,0,0,0,7,0,35,1,0,1,0,0,0,9,0,0,1,0,0,0,207,0,0,1,0,3,0,3,0,0,0,2,0,0,0,3,0,1,0,0,6,0,0,9,0,1,0,0,0,0,1,0,0,0,2,1,0,0,0,0,0,0,0,0,1,0,1,0,0,0,0,0,0,0,2,0,0,2,0,9,0,0,0,0,0,0,1,0,0,0,0,0,0,0,0,0,0,0,0,0,2,0,0,4,0,0,0,2,0,0,0,0,1,6,0,0,0,0,0,0,1,0,0,3,0,1,9,0,0,0,0,0,0,0,0,1,0,0,0,0,24,4,1,0
"90",0,17,0,0,0,4,2,2,0,0,0,0,0,0,0,0,0,0,0,2,0,4,0,0,0,0,0,0,0,0,5,0,0,0,5,0,2,1,0,47,0,5,0,0,1,0,0,0,8,0,2,2,0,0,0,0,0,0,0,5,0,3,0,15,0,1,2,0,0,0,0,2,24,0,0,0,0,0,0,0,53,1,4,0,0,0,0,12,0,0,0,0,1,0,189,0,0,0,0,0,0,1,0,0,0,1,0,0,0,0,0,4,0,0,4,0,0,1,0,0,0,0,0,0,0,0,0,0,7,0,0,0,0,0,0,0,0,0,0,1,0,0,0,0,0,0,0,0,0,0,0,1,0,12,0,1,0,0,0,0,0,0,0,0,0,0,0,0,0,0,0,0,0,0,0,0,0,4,0,0,0,0,0,0,0,0,0,0,0,0,1,0,0,0,0,0,0,0,0,1,16,0,1,0,0,1,0,1,0,2,0,1,0,0,25,11,3,3
"91",0,32,2,0,0,0,0,0,0,0,7,0,0,0,0,0,0,0,0,0,1,11,0,12,0,0,0,0,1,0,3,0,0,0,2,0,4,0,0,52,0,2,0,0,0,0,0,2,9,0,1,0,0,0,0,0,0,0,1,1,0,0,0,0,0,0,0,0,0,0,0,0,43,0,0,0,0,0,0,0,50,0,0,0,0,0,0,4,0,0,0,0,0,0,143,0,0,0,0,0,0,2,0,0,0,1,0,0,0,0,0,2,0,0,1,0,0,0,0,0,0,2,0,0,0,0,0,0,3,1,0,0,0,0,0,0,0,0,0,1,0,0,0,0,1,1,0,0,0,15,0,0,0,29,0,0,2,0,0,0,1,0,0,0,0,0,0,0,0,0,0,0,0,0,0,0,1,0,0,0,0,0,0,0,0,0,0,10,0,0,0,0,0,0,0,0,0,0,0,0,5,0,0,0,0,1,0,0,0,0,0,0,0,0,30,15,2,3
"92",1,17,1,0,0,1,0,0,0,0,6,0,0,0,0,1,0,0,0,2,0,27,0,0,0,0,0,0,0,0,48,0,0,0,2,0,0,0,0,39,0,4,0,0,0,0,0,1,0,0,2,3,0,0,0,0,0,0,4,2,0,3,2,19,0,1,0,0,0,0,0,0,45,0,1,0,0,0,0,0,51,1,0,0,0,0,0,6,0,0,0,0,0,1,117,0,0,0,0,0,1,4,1,1,0,0,0,0,0,1,0,1,0,0,5,0,0,1,0,3,0,2,0,0,0,0,0,0,0,0,0,0,0,0,0,0,0,0,0,0,2,0,0,0,0,1,0,0,5,0,5,1,0,68,0,0,1,0,0,0,0,0,0,0,0,0,0,0,0,0,0,0,1,0,1,0,1,2,0,0,0,0,0,0,0,0,0,9,0,0,0,0,0,0,0,0,0,1,0,0,12,0,1,0,0,6,0,0,0,5,0,0,4,0,11,8,4,5
"93",0,12,0,0,0,0,0,0,0,1,0,0,0,0,0,2,0,0,0,1,0,18,0,0,0,0,0,0,0,0,5,0,0,0,1,0,0,5,0,32,0,7,0,0,0,0,0,2,15,0,0,0,0,0,0,0,0,0,1,2,0,3,2,0,0,0,0,0,0,0,0,3,54,0,0,0,3,0,0,1,61,10,1,2,0,0,0,7,0,0,0,0,1,0,117,0,0,1,0,0,0,1,0,1,2,0,0,0,0,0,0,0,0,0,7,0,0,7,0,0,0,1,0,0,0,0,0,0,5,0,0,0,0,0,0,0,0,0,0,2,0,0,0,0,0,2,0,0,0,0,0,0,0,28,0,0,0,0,0,0,1,0,0,0,0,0,0,0,0,0,0,0,0,0,2,0,1,0,0,0,0,0,0,0,0,0,0,4,0,0,0,0,0,0,0,0,0,0,0,2,21,0,3,0,0,2,0,0,0,3,0,1,0,0,26,7,1,0
"94",0,26,0,0,0,0,0,0,0,1,0,0,0,0,0,0,0,0,0,0,0,16,0,1,0,0,0,0,0,0,5,0,0,0,4,0,0,0,0,22,0,9,0,0,0,0,0,0,14,0,1,0,0,0,0,0,0,0,7,4,0,12,2,12,0,1,0,0,0,0,0,0,24,0,0,0,0,0,0,0,54,3,0,0,0,0,1,11,0,0,1,0,0,0,159,0,1,0,0,1,0,0,0,6,0,1,0,0,0,1,0,2,0,0,9,0,0,9,0,1,0,0,0,0,0,0,5,0,2,0,0,0,0,0,0,0,0,0,0,1,0,0,0,1,0,2,0,0,0,0,0,1,0,6,0,0,1,0,0,0,0,0,0,0,0,0,0,0,0,0,0,0,0,0,0,0,2,1,0,0,0,2,0,0,0,0,0,7,0,0,0,0,0,0,7,0,0,0,0,1,23,0,0,0,0,4,0,0,0,7,0,0,0,0,15,5,3,2
"95",0,20,3,0,0,0,0,1,0,0,0,0,0,0,0,0,0,0,0,2,0,15,0,0,0,0,0,0,0,0,7,0,0,0,2,0,0,7,0,29,0,9,0,1,0,0,0,0,2,0,2,0,0,0,0,0,0,0,0,3,0,6,0,0,0,1,0,0,0,0,1,8,62,0,0,0,0,0,0,0,93,2,0,0,0,0,0,7,0,0,0,0,0,0,137,0,0,0,0,0,0,6,0,0,0,0,0,0,0,0,0,2,0,0,11,0,0,4,0,0,0,0,0,0,0,0,0,1,1,0,0,0,0,0,0,0,0,0,0,1,0,0,2,0,0,1,0,0,0,0,0,1,0,2,0,0,0,0,1,1,1,0,0,0,0,0,0,0,0,0,0,0,0,0,1,0,1,0,0,0,0,0,0,0,0,0,0,4,1,0,0,0,1,0,2,0,0,0,0,1,24,0,2,0,0,3,0,0,0,0,0,1,0,0,18,4,1,0
"96",1,22,0,0,0,1,4,0,0,0,2,0,0,0,0,2,0,0,0,1,0,16,0,1,0,0,0,0,0,0,24,0,0,0,3,0,0,1,0,24,0,8,0,0,0,0,0,1,9,0,0,0,0,0,0,0,0,0,0,2,0,7,2,4,0,1,0,0,1,0,0,3,51,0,0,0,1,0,0,0,90,0,0,0,0,0,0,8,0,0,0,0,1,1,74,0,0,3,0,0,0,3,0,0,1,0,0,0,0,0,0,4,0,0,4,0,0,0,0,1,0,0,0,0,0,0,0,0,3,0,0,0,0,0,0,0,0,0,0,1,0,0,0,0,0,1,0,0,0,0,0,4,0,53,0,0,0,0,0,0,0,0,0,0,0,0,0,0,0,0,0,0,0,0,1,0,1,2,0,0,0,0,0,0,0,0,0,5,0,0,0,0,0,0,0,0,3,0,0,5,16,0,0,0,0,8,0,0,0,11,0,1,0,0,8,16,3,1
"97",0,18,0,0,0,0,1,0,0,0,0,0,0,0,0,0,0,0,0,1,0,14,0,0,0,0,0,0,0,0,10,0,1,0,2,0,0,2,0,14,0,11,0,0,0,0,0,0,8,0,1,0,0,0,0,0,0,0,0,2,0,3,0,0,0,2,0,0,0,0,0,1,61,0,0,0,0,0,0,1,139,6,0,0,0,0,0,5,1,0,0,0,0,0,87,0,0,0,0,0,0,4,0,0,0,0,0,1,0,0,0,5,0,0,8,0,0,6,0,2,0,0,0,0,0,0,1,0,7,0,0,0,0,0,0,0,0,0,0,1,2,0,0,0,0,0,0,0,0,0,0,1,0,15,0,0,2,0,0,0,1,0,0,0,0,0,0,0,0,0,0,0,0,0,1,0,0,1,0,0,0,0,0,0,0,0,0,5,0,0,0,0,0,0,2,0,1,0,0,2,11,0,1,0,0,8,0,0,0,7,0,0,0,0,20,11,2,1
"98",0,10,1,0,1,1,0,0,0,0,0,0,0,0,0,0,0,0,0,0,0,19,0,0,0,0,0,0,0,0,1,0,0,0,1,0,0,0,1,35,0,8,0,0,0,0,0,0,3,0,1,0,0,0,0,0,0,0,0,3,0,1,1,3,0,1,0,0,0,0,1,1,49,0,0,0,1,1,0,0,149,0,0,1,0,0,0,12,0,0,0,0,1,0,81,0,0,0,0,0,0,1,0,0,1,0,0,0,0,0,0,11,0,0,12,0,0,4,0,0,0,0,0,0,0,0,2,0,4,0,0,0,0,0,0,0,0,0,0,1,0,0,0,0,0,1,0,1,0,0,1,1,0,5,0,0,0,0,0,0,1,0,0,0,0,0,0,0,0,0,0,0,0,0,1,0,0,0,0,0,0,0,0,0,0,0,0,5,1,0,1,0,0,0,5,0,0,0,0,1,13,0,0,0,0,17,0,0,0,1,0,0,0,0,17,2,5,2
"99",0,13,0,0,0,0,0,0,0,0,0,0,0,0,0,0,0,0,0,0,0,10,0,1,0,0,0,0,0,0,3,0,0,0,3,0,0,0,0,36,0,6,0,0,0,0,0,0,4,0,2,0,0,0,0,0,0,0,5,0,0,2,2,9,0,0,0,0,0,0,0,0,35,0,0,0,0,0,0,0,69,0,0,0,0,0,0,7,0,0,0,0,0,0,141,0,0,0,0,0,0,3,0,0,0,0,0,0,0,1,0,4,0,0,13,0,0,0,0,0,0,1,0,0,0,0,0,0,7,0,0,0,0,0,0,0,0,0,0,0,0,0,0,5,0,2,0,0,2,0,0,1,0,11,0,0,0,0,1,0,0,0,0,0,0,0,0,0,0,0,0,0,0,0,1,0,2,1,0,0,0,0,0,0,0,0,0,3,0,0,0,0,0,0,11,2,0,0,0,1,27,0,0,0,0,22,0,0,0,2,1,1,0,0,32,14,3,11
"100",0,18,1,0,0,1,0,0,0,0,0,0,0,0,0,0,0,0,0,0,0,14,0,0,0,0,0,0,0,0,12,0,0,0,4,0,1,0,0,15,0,14,0,0,0,0,0,0,10,0,0,0,0,0,0,0,0,0,4,6,0,4,0,6,0,0,0,0,0,0,0,0,35,0,0,0,0,1,0,0,101,0,0,0,0,0,0,5,0,0,0,0,0,0,118,0,0,0,0,0,0,7,0,0,3,0,0,0,0,0,0,7,0,0,7,0,0,6,0,0,0,0,0,0,1,0,0,0,2,0,0,0,1,0,0,0,0,0,0,3,0,0,0,0,0,2,0,0,0,0,0,0,0,8,0,0,0,0,0,0,1,0,0,0,0,0,0,0,0,0,0,0,0,0,2,0,1,1,0,2,0,1,0,0,0,0,0,11,0,0,0,0,0,0,7,0,0,0,0,0,11,0,0,0,0,23,0,0,0,2,0,0,0,0,16,16,1,9
"101",1,17,0,0,0,3,0,0,0,0,9,0,0,0,0,0,0,0,0,0,1,6,0,1,0,0,0,0,0,0,32,0,0,0,2,0,1,0,0,19,0,2,0,0,0,0,0,1,0,0,1,0,0,1,0,0,0,0,1,0,0,1,2,0,0,0,0,0,0,0,0,4,16,0,0,0,0,0,0,3,43,1,0,0,0,0,0,4,0,0,0,0,0,0,28,0,0,0,0,0,0,2,0,0,0,0,0,0,1,0,0,0,0,0,0,0,0,0,0,0,0,0,0,1,0,0,0,0,0,0,0,0,0,0,0,0,0,0,0,1,0,0,0,0,0,3,0,0,1,7,0,0,0,56,0,0,0,0,2,0,2,0,0,0,0,0,0,0,0,0,0,0,0,0,0,0,1,0,0,0,0,0,0,0,0,0,0,5,0,0,0,0,0,0,0,0,0,0,0,0,7,0,0,0,0,14,0,0,0,0,0,0,0,0,3,4,1,1
"102",0,26,0,0,0,0,2,0,0,0,5,0,0,0,0,0,0,0,0,0,0,8,0,0,0,0,0,0,0,0,27,0,0,0,1,0,0,0,1,46,0,0,0,0,0,0,0,1,10,0,1,0,0,0,0,0,0,0,5,5,0,12,2,24,0,0,0,0,0,0,0,5,22,0,0,0,0,0,0,0,42,0,0,0,0,0,0,0,0,0,0,0,0,1,101,0,0,0,0,0,0,5,0,0,0,2,0,0,0,0,0,0,0,0,5,0,0,0,0,1,0,2,0,0,4,0,0,0,2,0,0,0,0,0,0,0,0,0,0,1,0,0,0,1,0,0,0,0,0,0,0,1,0,65,0,0,0,0,0,0,0,0,0,0,0,0,0,0,0,0,0,0,0,0,1,0,0,1,0,0,0,0,0,0,0,0,0,8,0,0,0,0,0,0,1,0,0,0,0,0,14,0,0,0,0,25,0,0,0,6,0,0,0,0,12,18,7,7
"103",0,18,2,0,0,2,1,0,0,0,0,0,0,0,0,0,0,0,0,0,0,12,0,0,0,0,0,0,0,0,3,0,0,0,8,0,1,0,0,25,0,8,0,0,0,0,0,0,3,0,2,0,0,0,0,0,0,0,6,3,0,8,3,7,0,1,0,0,0,0,0,4,33,0,0,0,0,0,0,0,109,0,3,0,0,0,0,10,0,0,0,0,0,0,195,0,0,0,0,0,0,10,0,0,0,0,0,0,0,0,0,2,0,0,13,0,0,0,0,3,0,1,0,0,1,0,0,0,3,1,0,0,0,0,0,0,0,0,0,0,0,0,0,0,0,2,0,0,1,0,0,1,0,8,0,0,1,0,0,0,2,0,0,0,0,0,0,0,0,0,0,0,0,0,1,0,1,1,0,0,0,0,0,0,0,0,0,11,0,0,0,0,0,0,7,0,0,0,0,2,31,0,2,0,0,28,0,0,0,0,0,0,0,0,16,4,5,4
"104",0,19,1,0,0,0,1,0,0,0,0,0,0,0,0,2,0,0,0,0,0,16,0,0,0,0,0,0,0,0,0,0,0,0,0,0,0,2,0,28,0,13,0,0,0,0,0,0,0,0,4,0,0,0,0,0,0,0,0,0,0,5,0,4,0,2,0,0,0,0,0,5,35,0,0,0,2,1,0,0,94,0,0,0,0,0,0,21,0,0,0,0,0,0,92,0,0,0,0,0,0,6,0,0,0,0,0,0,0,0,0,2,0,0,15,0,0,13,0,4,0,0,0,0,2,0,0,0,0,0,0,0,0,0,0,0,0,0,0,0,0,0,0,0,0,4,0,0,0,0,1,0,0,8,0,0,0,0,0,0,1,0,0,0,0,0,0,0,0,0,0,0,0,0,0,0,1,0,0,0,0,0,0,0,0,0,0,18,0,0,0,0,0,0,8,0,0,4,0,0,15,0,0,0,0,25,0,0,0,2,0,0,0,0,25,8,5,1
"105",0,17,2,0,0,0,1,0,0,1,0,0,0,0,0,0,0,0,0,0,0,10,0,0,0,0,0,0,0,0,1,0,0,0,0,0,0,4,0,23,0,12,0,1,0,0,0,0,0,0,0,0,0,0,0,0,0,0,0,0,0,5,0,3,0,0,0,0,0,0,0,1,25,0,0,0,0,0,0,0,125,0,0,0,0,0,1,28,0,0,0,0,0,0,66,0,0,0,0,0,0,0,0,2,0,0,0,0,0,0,0,4,0,0,6,0,0,4,0,0,0,0,0,0,0,0,0,0,8,0,0,0,0,0,0,0,0,0,0,0,0,0,0,0,0,0,0,0,0,0,0,1,0,17,0,0,1,0,0,0,0,0,0,0,0,0,0,0,0,0,0,0,0,0,0,0,0,0,0,0,0,0,0,0,0,0,0,9,0,0,0,0,0,0,9,0,0,0,0,2,11,0,0,0,0,28,0,0,0,2,0,0,0,0,37,20,8,13
"106",0,15,0,0,0,0,5,0,0,0,3,0,0,0,0,1,0,0,0,0,0,16,0,0,0,0,0,0,0,0,21,0,0,0,3,0,0,0,0,43,0,9,0,0,0,0,0,2,0,1,1,0,0,0,0,0,0,0,0,1,0,3,0,4,0,0,0,0,1,0,0,10,13,0,0,0,0,0,0,0,48,3,0,0,0,0,0,4,0,1,0,0,0,0,74,0,2,0,0,0,0,0,0,1,0,0,0,0,0,0,0,1,0,0,9,0,0,0,0,0,0,0,0,0,0,0,0,0,2,3,0,0,0,0,0,0,0,0,0,1,0,0,0,0,0,0,0,0,0,0,0,5,0,40,0,0,2,0,1,0,0,0,0,0,0,0,0,0,0,0,0,0,0,0,2,0,1,0,0,0,0,0,0,0,0,0,0,7,0,0,2,0,0,0,8,0,0,0,0,0,16,0,0,0,0,54,0,0,0,13,0,0,0,0,15,33,7,15
"107",0,16,2,0,0,0,3,0,0,0,0,0,0,0,0,0,0,0,0,0,2,4,0,0,0,0,0,0,0,0,2,0,0,0,0,0,1,9,0,19,0,7,0,0,0,0,0,0,0,0,2,0,0,0,0,0,0,0,0,3,0,11,0,15,0,1,0,0,0,0,0,1,34,0,0,0,1,1,0,0,62,0,0,0,0,0,0,18,0,0,0,0,0,0,127,0,0,0,0,0,0,0,0,2,1,0,0,0,0,0,0,2,0,0,11,0,0,6,0,1,0,0,0,0,0,0,1,1,6,0,0,0,0,0,0,0,0,0,0,0,0,0,0,0,0,3,1,0,0,0,0,4,0,19,0,0,1,0,0,0,0,0,0,0,0,0,0,0,0,0,0,0,0,0,0,0,1,0,0,2,0,0,0,0,0,0,0,12,0,0,1,0,0,0,18,0,0,0,0,0,13,0,0,0,0,36,0,0,0,2,0,0,0,0,17,9,2,4
"108",0,13,0,0,0,0,0,0,0,0,0,0,0,0,0,1,0,0,0,1,0,12,0,0,0,0,0,0,0,0,0,0,0,0,1,1,0,2,0,17,0,15,0,0,0,0,0,0,0,0,3,0,0,0,0,0,0,0,0,3,0,7,3,18,0,0,0,0,0,0,0,5,56,0,0,0,3,1,0,0,111,0,0,0,0,0,0,11,0,0,0,0,0,0,54,0,0,0,0,0,0,0,0,3,0,0,0,0,0,0,0,8,0,0,10,0,0,1,0,2,0,1,0,0,2,0,0,0,8,2,0,1,0,0,0,0,0,0,0,0,0,0,0,0,0,2,0,0,0,0,0,3,0,9,0,0,0,0,0,0,0,0,0,0,0,0,0,0,0,0,0,0,0,0,0,0,2,0,0,0,0,0,0,0,0,0,0,24,0,0,0,0,0,0,16,0,0,0,0,3,31,0,1,0,0,5,0,0,0,4,0,0,0,0,31,13,2,1
"109",0,10,0,0,0,0,0,0,0,0,0,0,0,0,0,0,0,0,0,0,0,18,0,0,0,0,0,0,1,0,2,0,0,0,15,0,1,0,1,38,0,5,0,0,0,0,0,0,0,0,2,0,0,0,0,0,0,0,3,10,0,6,2,20,0,0,0,0,2,0,0,0,27,0,0,0,0,0,0,0,57,1,0,0,0,0,0,13,0,1,0,0,0,0,122,0,0,0,0,0,0,0,0,0,3,0,0,0,0,2,0,8,0,0,7,0,0,4,0,1,0,0,0,0,1,0,0,0,1,4,0,0,0,0,0,0,0,0,0,0,0,0,0,1,0,5,0,0,1,0,0,12,0,16,0,0,5,0,0,0,0,0,0,0,0,0,0,0,0,0,0,0,0,0,1,0,0,3,0,0,0,0,0,0,0,0,2,17,0,0,0,0,0,0,6,0,0,0,0,2,23,0,0,0,0,15,0,0,0,0,1,0,0,0,29,11,7,7
"110",0,18,2,0,0,0,0,0,0,1,0,0,0,1,0,0,0,0,0,1,0,10,0,0,0,0,0,0,0,0,0,0,0,0,3,0,1,0,0,29,0,14,0,0,0,0,0,0,2,0,1,0,0,0,0,0,0,0,1,6,0,9,0,17,0,0,0,0,0,0,0,0,39,0,0,0,2,1,0,0,81,1,0,1,0,0,1,23,0,0,0,0,0,0,76,0,3,0,0,0,0,1,0,0,1,0,0,0,0,0,0,5,0,0,19,0,0,24,1,0,0,0,0,0,0,0,0,0,5,1,0,0,0,0,0,0,0,0,0,0,0,0,0,0,1,1,0,0,0,0,0,3,0,13,0,0,5,0,0,0,0,0,0,0,0,0,0,0,0,0,0,0,0,0,0,0,1,1,0,0,0,0,0,0,0,0,0,11,0,0,0,0,0,0,8,0,0,0,0,1,18,0,0,0,0,3,0,0,0,0,1,0,0,0,26,24,2,9
"111",0,15,0,0,0,0,0,0,0,0,6,0,0,0,0,0,0,0,0,0,0,5,0,0,0,0,0,0,0,0,16,0,0,0,7,0,2,0,0,25,0,5,0,0,0,0,0,0,0,0,6,0,0,0,1,0,0,0,0,3,0,4,2,2,0,0,0,0,0,0,0,0,39,0,0,0,0,0,0,0,58,0,0,0,0,0,0,18,0,0,0,0,0,0,162,0,1,0,0,0,0,1,0,0,1,0,0,0,0,1,0,3,0,0,5,0,0,5,0,0,0,0,0,1,0,0,0,0,4,0,0,0,0,0,0,0,0,0,0,1,0,0,0,2,0,1,0,0,0,2,0,1,0,37,0,0,2,0,0,0,0,0,0,0,0,0,0,0,0,0,0,0,0,0,0,0,1,0,0,1,0,0,0,0,0,0,0,9,0,0,0,0,0,0,6,0,0,0,0,0,13,0,0,0,0,25,0,0,0,3,0,0,0,0,21,15,6,10
"112",0,22,0,0,0,0,1,0,0,0,2,0,0,0,0,1,0,0,0,0,0,7,0,2,0,0,0,0,2,0,20,0,0,0,10,0,0,0,0,17,0,6,0,0,0,0,0,2,0,0,0,0,0,0,0,0,0,0,1,5,0,3,1,6,0,0,0,0,0,0,0,10,68,0,0,0,0,0,0,0,47,0,0,0,0,0,0,14,0,0,0,0,0,0,82,0,0,0,0,0,0,0,0,2,1,0,0,0,0,0,0,4,0,0,17,0,0,0,0,2,0,0,0,0,2,0,0,0,5,2,0,0,0,0,0,0,0,0,0,0,0,0,0,0,0,0,0,0,0,1,1,3,0,21,0,0,0,0,0,0,0,1,0,0,0,0,0,0,0,0,0,0,0,0,0,0,1,1,0,3,0,0,0,0,0,0,0,13,0,0,1,0,0,0,0,0,0,0,0,0,11,0,0,0,0,27,0,0,0,16,0,0,0,0,11,20,5,4
"113",0,32,0,0,0,0,0,0,0,0,0,0,0,0,0,0,0,0,0,0,0,16,0,1,0,0,0,0,2,0,1,0,0,0,2,0,0,0,0,11,0,5,0,0,0,0,0,0,0,5,1,2,0,0,0,0,0,0,3,1,0,7,0,16,0,0,0,0,0,0,0,0,13,0,0,0,0,0,0,0,76,0,0,0,0,0,0,12,0,0,0,0,0,3,142,0,0,0,0,0,0,0,0,0,0,0,0,0,0,0,0,2,0,0,11,0,0,0,0,0,0,3,0,0,1,0,0,0,3,5,0,0,0,0,0,0,0,0,0,0,0,0,0,0,0,2,0,0,0,0,0,0,0,9,0,0,6,0,0,0,0,0,0,0,0,0,0,0,0,0,0,0,0,0,1,0,3,0,0,0,0,0,0,0,0,0,1,31,0,0,0,0,0,0,5,0,0,0,0,1,27,0,0,0,0,27,0,0,2,3,2,0,0,0,18,27,5,10
"114",0,20,0,0,0,0,0,0,0,0,0,0,0,0,0,2,0,0,0,0,0,5,0,0,0,0,0,0,0,0,1,0,0,0,14,0,0,2,0,33,0,12,0,0,0,0,0,0,0,0,2,0,0,0,0,0,0,0,0,16,0,3,1,17,0,0,0,0,2,0,1,1,48,0,0,0,0,0,0,0,64,0,0,0,0,0,0,15,0,1,0,0,0,0,89,0,0,0,0,1,0,0,0,0,0,0,0,0,0,0,0,3,0,0,4,0,0,3,0,2,1,0,0,0,1,0,0,0,3,2,0,0,0,0,0,0,0,0,0,0,0,0,0,1,0,0,0,0,0,0,0,10,0,4,0,0,0,0,0,0,0,0,0,0,0,0,0,0,0,0,0,0,0,0,0,0,3,3,0,1,0,0,0,0,0,0,0,20,0,0,0,0,0,0,1,0,0,0,0,0,14,0,0,0,0,43,0,0,0,0,0,0,0,0,22,10,5,3
"115",0,17,2,0,0,0,0,0,0,1,0,0,0,0,0,0,0,0,0,0,0,9,0,0,0,0,0,0,1,0,0,0,0,0,3,0,1,0,0,21,0,6,0,0,0,0,0,2,0,0,1,0,0,0,0,0,0,0,5,12,0,12,0,13,0,0,0,0,0,1,0,1,35,0,0,0,0,0,0,0,59,0,0,0,0,0,0,7,0,0,0,0,2,0,106,0,0,0,0,0,0,1,0,2,1,0,0,0,0,1,0,0,0,0,3,0,0,13,0,4,0,0,0,0,1,0,0,0,1,4,0,0,0,0,0,0,0,0,0,2,0,0,0,2,0,0,1,0,0,0,0,8,0,11,0,0,2,0,0,0,0,0,0,0,0,0,0,0,0,0,0,0,0,0,0,0,0,2,0,1,1,0,0,0,0,0,0,17,0,0,1,0,0,0,3,0,0,10,0,0,22,0,0,0,0,15,0,0,1,5,0,0,0,0,32,26,11,8
"116",0,21,1,0,0,0,4,0,0,0,11,0,0,0,0,0,0,0,0,0,1,21,0,3,0,0,0,0,0,0,23,0,0,0,2,0,1,0,0,30,0,27,0,0,1,1,0,0,2,0,1,0,0,0,0,0,0,0,4,6,0,2,0,0,0,0,0,0,0,0,0,1,32,0,0,0,0,0,0,0,30,2,0,0,0,0,0,11,0,0,0,0,0,0,99,0,0,0,0,0,0,0,0,1,6,0,0,0,0,0,0,7,0,0,12,0,0,0,0,0,0,0,0,1,8,0,0,0,5,1,0,0,0,0,0,0,0,0,0,0,0,0,0,1,0,5,0,0,3,0,1,6,0,16,0,0,1,0,0,0,0,0,0,0,0,0,0,0,0,0,0,0,0,0,0,0,0,2,0,0,0,0,0,0,0,0,1,38,0,0,0,0,0,0,0,0,0,0,0,0,6,0,1,0,0,0,0,0,0,40,0,0,0,0,13,14,6,3
"117",0,5,6,0,0,0,3,0,0,0,0,0,0,0,0,0,0,0,0,0,0,11,0,0,0,0,0,0,0,0,6,0,0,0,7,0,0,0,0,54,0,18,0,0,0,0,0,0,0,0,2,0,0,0,0,0,0,0,4,6,0,15,0,8,0,0,0,0,0,0,0,0,16,0,0,0,5,1,0,0,9,0,0,0,0,0,0,9,0,0,0,0,0,0,90,0,5,0,0,0,0,0,0,0,0,0,0,0,0,0,0,4,0,0,20,0,0,17,0,1,0,1,0,0,2,0,0,0,19,0,0,0,0,0,0,0,0,0,0,1,0,0,0,1,0,2,0,0,1,0,0,2,0,7,0,0,7,0,0,0,0,0,0,0,0,0,0,0,0,0,0,0,0,0,0,0,1,4,0,0,0,0,0,0,0,0,0,38,0,0,2,0,0,0,0,0,0,18,0,0,25,0,1,0,0,0,0,0,0,0,0,0,0,0,16,19,9,8
"118",0,1,2,0,0,0,0,0,0,2,0,0,0,0,0,0,0,0,0,0,0,11,0,0,0,0,0,0,0,0,0,0,0,0,11,0,0,0,1,55,0,6,0,0,0,0,0,0,0,0,1,0,0,0,0,0,0,0,5,4,0,4,0,1,0,1,0,0,0,0,0,0,12,0,0,0,0,0,0,0,12,2,3,0,0,0,0,22,0,0,0,0,0,0,179,0,0,0,0,0,0,2,0,3,0,0,0,0,0,0,0,5,0,0,8,0,0,12,1,0,0,0,1,0,0,0,0,0,9,0,0,0,0,0,0,0,0,0,0,1,0,0,0,6,0,3,4,0,1,0,0,4,0,18,0,0,7,0,0,0,0,0,0,0,0,0,0,0,0,0,0,0,0,0,0,0,3,3,0,0,0,0,1,0,0,0,0,38,0,0,0,0,0,0,2,0,0,46,0,2,32,0,1,0,0,0,0,0,0,0,0,1,0,0,13,12,7,0
"119",0,7,1,0,0,0,6,0,0,0,7,0,0,0,0,1,1,0,0,0,0,9,0,0,0,0,0,0,0,0,11,0,0,0,0,0,1,0,0,29,0,18,0,0,2,0,0,0,1,0,2,0,0,0,0,0,0,0,2,3,0,1,0,0,0,0,0,0,1,0,0,2,7,0,0,0,0,0,0,0,4,0,0,0,0,0,0,19,0,0,0,0,0,0,51,0,0,0,0,0,0,0,0,1,0,0,0,0,0,0,0,1,0,0,6,0,0,0,0,0,0,0,0,0,1,0,0,1,12,0,0,0,0,0,0,0,0,0,0,0,0,0,0,1,0,2,0,0,2,4,0,7,0,29,0,0,3,0,0,0,0,0,0,0,0,0,0,0,0,0,0,0,0,0,0,0,2,0,0,0,0,0,0,0,0,0,1,41,0,0,0,0,0,0,0,0,0,0,0,0,10,0,1,0,0,0,0,0,1,2,0,0,0,0,9,13,2,4
"120",0,0,2,0,0,0,4,0,0,1,0,0,0,0,0,0,0,0,0,1,0,9,0,0,0,0,0,0,0,0,5,0,0,0,10,0,0,7,1,13,0,9,0,0,0,0,0,0,0,0,0,0,0,0,0,0,0,0,1,16,0,1,0,9,0,0,1,0,0,0,1,0,3,0,0,0,0,0,0,2,7,0,0,0,0,0,0,39,0,0,0,0,0,0,82,0,0,0,1,0,0,0,0,6,1,0,0,0,0,0,1,2,0,0,7,0,0,12,0,0,0,0,0,0,2,0,0,0,24,0,0,0,0,0,0,0,0,0,0,1,0,0,0,0,0,1,0,0,0,0,0,4,0,16,0,0,5,2,0,0,0,0,0,0,0,0,0,0,0,0,0,0,0,0,1,0,6,3,0,0,0,0,0,0,0,0,0,108,0,0,2,0,0,0,5,0,0,0,0,0,33,0,6,0,0,0,0,0,0,0,0,0,0,0,11,7,11,2
"121",0,6,0,0,0,5,0,0,0,0,5,0,0,0,0,0,0,0,0,0,0,6,0,0,0,0,0,0,0,0,3,0,0,0,18,0,0,0,1,7,0,10,0,0,1,0,0,1,1,0,1,0,0,0,0,0,0,0,3,0,0,0,0,1,0,0,0,0,0,0,0,4,6,0,0,0,0,0,0,0,4,1,1,0,0,0,0,23,0,0,0,0,0,0,86,0,0,0,0,0,0,1,0,1,0,9,0,0,0,0,0,2,0,0,14,0,0,21,0,0,0,0,0,0,5,0,0,1,9,0,0,2,0,0,0,0,0,0,0,1,0,0,0,0,0,1,0,0,0,21,0,6,0,57,0,0,9,0,1,0,0,0,0,0,0,0,0,0,0,0,0,0,0,0,1,0,5,3,0,0,0,0,0,0,0,0,0,84,0,0,0,0,0,0,2,0,0,0,0,1,23,0,10,0,0,0,0,0,0,0,1,1,0,0,9,0,8,1
"122",0,1,0,0,0,0,1,0,0,0,9,0,0,0,0,0,0,0,0,0,0,3,0,0,0,0,0,0,0,0,5,0,0,0,0,0,0,0,0,6,0,5,0,0,7,0,0,0,1,0,4,0,0,0,0,0,0,0,1,0,0,1,0,0,0,0,0,0,1,0,0,4,0,0,0,0,0,0,0,0,8,0,0,0,0,0,0,3,0,1,0,0,0,1,13,0,0,0,0,2,0,0,0,0,0,2,0,0,0,0,0,6,0,0,7,0,0,2,0,0,0,0,0,0,2,0,1,0,11,0,0,0,0,0,0,0,0,0,0,2,0,0,0,0,0,2,0,0,0,1,3,3,0,64,0,0,3,5,0,0,0,1,0,0,0,0,0,0,0,0,0,0,1,0,1,0,1,2,0,0,0,0,0,0,0,0,0,30,0,0,1,0,0,0,0,0,0,0,0,0,61,0,2,0,0,2,0,0,0,8,0,0,0,0,1,7,0,6
"123",0,1,2,0,0,1,1,0,0,0,5,0,0,0,0,1,0,0,0,0,0,5,0,0,0,0,0,0,0,0,7,0,0,0,7,0,0,0,0,10,0,18,0,0,9,0,0,0,0,0,4,0,0,0,0,0,0,0,0,2,0,0,0,0,0,0,0,0,0,0,0,5,1,0,0,0,0,0,0,0,15,0,0,0,0,0,0,11,0,2,0,1,0,2,45,0,0,0,0,0,0,0,0,0,3,0,0,0,0,0,0,4,0,0,3,0,0,0,1,0,0,0,0,0,7,0,0,0,7,4,0,0,0,0,0,0,0,0,0,1,0,0,0,6,0,8,0,0,1,5,0,3,0,24,0,0,5,2,0,0,0,0,0,0,0,0,0,0,0,0,0,0,0,0,5,0,4,3,0,0,0,0,0,0,0,0,0,181,0,0,0,0,0,0,0,0,0,0,0,0,49,0,2,0,0,0,0,0,0,19,0,0,0,0,7,5,3,2
"124",0,1,0,0,0,0,0,0,0,0,0,0,0,0,0,1,0,0,0,0,0,3,0,0,0,0,0,0,0,0,1,0,1,0,11,0,0,8,0,7,0,9,0,0,6,0,0,0,3,0,0,0,0,0,1,0,0,0,2,9,0,0,0,0,0,0,0,0,0,0,1,4,4,0,0,0,0,0,0,0,19,5,0,0,0,0,0,30,0,0,0,0,0,1,52,0,0,0,2,0,1,1,0,0,0,0,0,0,0,0,0,6,1,0,14,0,0,11,0,0,0,1,1,0,0,0,0,1,5,0,0,0,0,0,0,0,0,0,0,11,0,0,0,2,1,1,0,0,1,0,0,10,0,7,0,0,11,3,0,0,0,0,0,0,0,0,0,0,0,0,0,2,0,0,5,0,5,3,0,0,0,1,0,0,1,0,0,160,0,0,0,0,0,0,8,0,0,0,0,0,72,0,0,0,0,0,0,0,1,0,0,0,0,0,14,1,12,0
"125",0,1,0,0,0,0,0,0,0,0,0,0,0,0,0,0,0,0,0,0,0,4,0,0,0,0,0,0,0,0,17,0,0,0,3,0,0,15,1,5,0,11,0,0,6,0,0,0,5,0,0,0,0,0,2,0,0,0,1,4,0,2,0,0,0,0,0,0,0,0,1,1,0,0,0,0,0,1,0,0,30,11,1,0,0,0,0,19,0,0,0,0,0,0,17,0,0,0,1,0,0,0,0,1,0,1,0,0,0,0,0,9,2,0,7,0,0,5,0,0,0,2,0,0,2,0,0,1,10,2,0,0,0,0,1,0,0,0,2,2,0,0,0,0,0,0,0,0,0,0,0,12,0,5,0,0,8,3,0,0,0,0,0,0,0,1,0,0,0,0,0,5,0,0,0,0,1,2,0,2,0,0,0,1,0,0,0,166,0,0,2,0,0,0,12,0,0,0,0,0,62,0,0,0,0,0,0,0,0,0,1,0,0,0,5,6,11,5
"126",0,3,0,0,0,0,8,0,1,0,2,0,0,0,0,2,0,0,0,0,0,12,0,0,0,0,0,0,0,0,2,0,0,0,3,0,1,0,2,2,0,11,0,0,2,0,0,2,4,0,0,0,0,0,3,1,0,0,2,1,0,1,0,0,0,0,0,0,0,1,0,4,4,0,0,0,0,0,0,0,27,0,0,0,0,0,0,4,0,0,0,0,0,0,21,0,0,0,0,0,0,0,0,1,0,1,0,0,0,0,0,6,0,0,8,0,1,1,2,0,0,0,0,0,5,0,0,0,6,2,0,0,0,0,0,0,0,0,0,3,0,0,0,1,0,1,0,0,0,0,2,11,0,18,0,1,4,2,0,0,0,0,0,0,0,0,0,0,0,0,0,2,1,0,7,0,1,1,0,0,0,0,0,0,0,0,0,165,0,0,3,0,1,0,1,0,0,0,0,0,91,0,1,0,0,0,0,0,0,10,1,0,2,0,18,6,22,8
"127",0,0,1,0,0,0,18,0,0,1,0,0,0,0,0,0,0,0,0,1,0,19,0,0,0,0,0,0,0,0,1,0,0,0,5,0,0,8,0,7,0,17,0,0,0,0,0,0,3,0,0,0,0,0,0,0,0,0,0,3,0,0,0,6,0,2,0,0,0,0,1,12,1,0,0,0,0,0,0,0,10,0,0,0,0,0,0,17,0,0,1,0,0,0,17,0,0,0,1,1,0,0,0,2,1,0,0,0,0,0,0,4,0,0,15,0,0,1,0,0,0,0,0,0,3,0,1,0,11,0,0,1,0,0,0,0,0,0,0,6,0,0,0,0,0,0,0,0,2,0,0,11,0,18,0,0,7,0,0,0,0,2,0,0,0,0,0,0,0,0,0,1,0,0,1,0,8,1,0,2,1,0,0,2,1,0,0,112,0,0,0,0,0,0,0,0,0,0,0,0,90,0,3,0,0,0,0,0,0,0,0,0,1,0,0,16,4,21
"128",0,0,0,0,0,0,5,0,0,1,0,0,0,0,0,0,0,0,0,0,0,16,0,0,0,0,0,0,0,0,1,0,0,0,6,0,1,11,4,3,0,16,0,0,0,0,0,2,4,0,1,0,0,0,0,0,0,0,7,9,0,3,0,2,0,0,0,0,0,0,0,0,12,0,0,0,0,0,0,1,10,0,2,0,0,0,0,13,0,0,0,0,0,1,13,0,0,0,2,0,0,0,0,2,1,0,0,0,0,0,0,7,0,0,9,0,0,0,0,0,0,0,0,0,3,0,0,0,14,1,0,0,0,0,0,0,0,0,0,2,0,0,1,1,0,1,4,0,1,0,0,11,0,5,0,0,0,0,1,0,0,1,0,0,0,0,0,0,0,0,0,1,0,0,0,0,13,1,0,0,0,1,0,3,0,0,0,157,0,0,0,0,0,0,9,0,0,0,0,0,97,0,0,0,0,0,0,0,0,0,0,0,0,0,12,7,11,2
"129",0,1,0,0,0,0,2,0,0,2,0,0,0,0,0,1,0,0,0,0,0,9,0,0,0,0,0,0,1,0,0,0,0,0,1,0,0,2,1,3,0,10,0,0,3,0,1,0,1,0,1,0,0,0,1,0,0,0,0,15,0,3,2,2,0,1,1,0,0,2,0,2,5,0,0,0,2,0,0,0,18,0,0,0,0,0,0,9,0,0,0,0,0,0,0,0,0,0,1,0,0,0,0,2,1,0,0,0,0,0,0,5,0,0,9,0,0,4,0,1,0,0,0,0,2,0,0,2,10,0,0,1,0,0,0,0,0,0,0,0,0,0,0,0,0,4,0,0,0,0,0,18,0,7,0,0,3,2,0,0,0,0,0,0,0,0,0,0,0,0,0,0,0,0,3,0,6,2,0,0,0,0,0,6,0,0,0,90,0,0,2,0,0,0,10,0,0,3,0,0,155,0,5,0,0,0,0,0,0,0,0,0,0,0,26,10,9,6
"130",0,4,0,0,0,0,4,0,0,0,3,0,0,0,0,0,0,0,0,0,0,7,0,0,0,0,0,0,0,0,0,0,0,0,2,0,0,0,1,2,0,8,0,0,1,0,0,1,3,0,3,0,0,0,0,0,0,0,0,1,0,0,0,2,0,0,0,0,1,0,0,3,3,0,0,0,0,0,0,0,2,0,0,0,0,0,0,0,0,0,0,0,0,0,9,0,0,0,0,0,0,0,0,3,0,0,0,0,0,0,0,3,0,0,8,0,0,0,0,0,0,1,0,0,2,0,0,0,7,3,0,0,0,0,0,0,0,0,0,2,0,0,0,0,0,0,0,0,0,0,0,23,0,11,0,0,1,2,0,0,1,0,0,0,0,0,0,0,0,0,0,0,0,0,7,0,5,2,0,0,0,0,0,0,0,0,0,44,0,0,0,0,0,0,8,0,0,0,0,0,90,0,1,0,0,1,0,0,1,6,2,0,0,0,14,9,3,2
"131",0,3,2,0,0,1,0,1,0,0,0,0,0,0,0,0,0,0,0,1,0,5,0,0,0,0,0,0,0,0,5,0,0,1,0,0,0,4,3,4,0,0,0,0,3,0,1,0,2,0,1,0,0,0,0,0,0,0,0,5,0,3,0,3,0,0,0,0,0,1,0,1,2,0,0,0,0,0,0,0,17,0,6,0,0,0,0,18,0,0,0,0,0,0,12,0,0,0,0,0,0,0,1,3,1,0,0,0,0,0,0,4,0,0,2,0,0,1,0,0,0,0,0,0,1,1,0,4,10,3,0,0,0,0,0,0,0,0,0,1,0,0,0,1,0,4,0,0,0,0,0,10,0,35,0,2,0,2,0,0,0,0,0,0,0,0,0,0,0,1,0,4,0,0,1,0,3,1,0,1,0,2,0,1,0,0,0,186,0,0,4,0,0,0,0,0,0,0,0,1,94,0,0,0,0,0,0,0,1,0,0,0,0,0,16,8,36,1
"132",0,4,0,0,0,0,0,0,0,0,0,0,0,0,0,0,0,0,0,0,0,7,0,1,0,0,0,0,0,0,1,0,0,0,7,0,1,19,1,2,0,0,0,0,2,0,1,0,5,0,0,0,0,0,0,0,0,0,3,3,0,1,0,6,0,0,0,0,0,0,0,5,0,0,0,0,0,0,0,2,6,0,0,0,0,0,0,4,0,0,0,0,0,0,58,0,0,0,0,0,0,0,0,3,1,0,0,0,0,0,0,1,0,0,7,0,0,1,0,0,0,0,0,0,2,0,5,0,17,0,0,0,0,0,0,0,0,0,0,3,0,0,0,0,0,5,0,0,0,0,0,7,0,31,0,0,4,4,0,0,0,2,0,0,0,0,0,0,0,0,0,0,0,0,5,0,3,2,0,0,0,2,0,0,0,0,0,128,0,0,0,0,0,0,0,0,0,0,0,1,92,0,0,0,0,0,0,0,1,0,0,0,0,0,18,9,6,1
"133",0,3,0,0,0,0,0,3,0,0,0,0,0,0,0,0,0,0,0,0,0,9,0,0,0,0,0,0,0,0,5,0,0,0,2,0,0,4,0,3,0,3,0,0,6,0,1,0,3,0,2,0,0,0,0,0,0,0,0,2,0,3,0,0,0,0,0,0,0,0,0,0,0,0,0,0,1,0,0,0,33,2,0,0,0,0,0,7,0,1,0,0,0,0,32,0,0,0,0,0,1,0,0,0,0,0,0,0,0,0,0,3,0,0,4,0,0,2,0,2,0,0,0,0,1,0,0,0,12,4,0,1,0,0,0,0,0,0,0,6,0,0,0,0,0,2,0,0,0,0,0,10,0,19,0,1,5,3,0,0,0,0,0,0,0,0,0,0,0,0,0,3,0,0,1,0,5,0,0,0,0,0,0,4,0,0,0,184,0,0,1,0,0,0,4,0,0,0,0,0,79,0,1,0,0,0,0,0,0,0,0,0,0,0,14,3,17,6
"134",0,3,0,0,0,0,0,0,0,0,0,0,0,0,1,0,0,0,0,0,0,0,0,0,0,0,0,0,0,0,1,0,0,0,2,0,0,0,0,1,0,3,0,0,0,0,0,0,3,0,0,0,0,0,0,0,0,0,4,3,0,0,0,0,0,0,0,0,0,0,0,3,7,0,0,0,0,1,0,0,11,0,0,0,0,0,0,1,1,0,0,1,0,0,23,0,0,0,0,0,1,0,0,3,0,0,0,0,1,0,0,1,0,0,3,0,0,0,0,0,0,0,0,0,0,0,0,0,10,1,0,0,0,0,0,0,0,0,0,1,0,0,0,0,0,5,0,0,0,0,0,9,0,42,0,0,1,0,0,0,0,2,0,0,0,0,0,0,0,0,0,4,0,0,0,0,4,0,0,1,0,0,0,9,0,0,0,103,0,0,0,0,0,0,0,0,0,0,0,0,53,0,1,0,0,0,0,0,0,0,0,1,0,0,20,5,4,0
"135",0,9,1,0,0,0,0,0,0,0,0,0,0,0,0,0,0,0,0,0,0,3,0,0,0,0,0,0,0,0,2,0,0,1,4,0,2,2,0,10,0,4,0,0,5,0,0,3,14,0,2,0,0,0,0,0,0,0,0,3,0,0,0,2,0,0,0,0,0,0,0,0,10,0,0,0,2,0,0,2,26,0,1,0,0,0,0,3,0,0,0,0,0,0,42,0,0,0,1,0,0,0,1,0,0,0,0,0,0,0,0,0,0,0,3,0,0,7,0,2,0,1,0,0,0,0,1,0,9,0,0,0,0,0,0,0,0,0,0,0,0,0,0,0,0,0,0,0,1,0,0,0,0,30,0,0,4,0,0,0,0,0,0,0,0,0,0,0,0,0,0,0,0,0,4,0,4,0,0,0,0,1,0,6,0,0,0,121,0,0,0,0,0,0,0,0,0,0,0,0,82,0,0,0,0,5,0,0,0,0,1,0,0,0,37,9,8,10
"136",0,5,1,0,0,0,0,0,0,0,0,1,0,0,0,0,0,0,0,1,0,10,0,0,0,0,0,0,0,0,5,0,0,0,1,0,0,19,1,2,0,8,0,0,8,0,1,0,21,0,0,0,0,0,0,0,0,0,5,1,0,0,0,2,0,0,0,0,0,8,0,0,5,0,0,0,0,1,0,1,3,1,0,0,0,0,0,2,0,0,0,0,0,0,68,0,0,2,4,0,1,0,0,2,0,0,0,0,0,0,0,1,2,0,7,0,0,0,0,0,0,3,0,0,0,0,0,1,13,0,0,0,0,0,0,0,0,0,0,3,0,0,0,0,0,7,0,0,0,0,0,11,0,5,0,1,9,1,0,0,0,0,0,0,0,0,0,0,0,0,0,0,0,0,7,0,9,0,0,0,3,3,0,0,0,0,0,130,0,0,0,0,0,0,0,0,0,4,0,1,75,0,0,0,0,0,0,0,0,0,0,0,0,0,7,7,0,4
"137",0,1,0,0,0,0,4,0,0,0,0,0,0,0,0,0,0,0,0,0,0,12,0,0,0,0,0,0,0,0,4,0,0,0,2,0,1,15,1,3,0,0,0,0,2,0,0,0,16,0,2,0,0,0,0,0,0,0,0,9,0,0,0,3,0,2,0,0,0,0,0,1,7,0,0,0,0,0,0,0,10,3,5,0,0,0,0,1,0,1,0,0,0,1,51,0,0,0,0,0,0,0,0,0,0,0,0,0,0,0,0,2,0,0,4,0,0,1,0,0,0,1,0,0,3,0,0,1,3,1,0,0,0,0,0,0,0,0,0,0,1,0,1,1,0,2,0,0,0,0,0,10,0,23,0,1,2,0,0,0,0,3,0,0,0,0,0,0,0,0,0,1,0,0,0,0,1,0,0,0,0,0,0,4,0,0,0,145,0,0,1,0,0,0,0,0,0,8,0,0,97,0,0,0,0,0,0,0,1,1,0,0,0,0,10,10,2,4
"138",0,2,0,0,0,0,6,0,0,2,0,0,0,0,0,0,0,0,0,0,0,19,1,0,0,0,0,0,0,0,0,0,0,0,7,0,0,6,2,7,0,32,0,0,0,0,0,0,15,0,0,0,0,0,0,0,0,0,2,14,0,1,0,4,0,0,0,0,0,2,0,0,2,0,0,0,0,0,0,0,8,6,0,0,0,0,0,2,0,0,0,0,0,0,38,0,0,0,1,0,0,0,0,12,1,0,0,0,0,0,0,0,0,0,10,0,0,1,0,0,1,0,0,0,0,0,0,0,20,0,0,0,0,0,0,0,0,0,0,1,3,0,1,0,0,1,0,0,1,0,0,6,0,4,0,0,1,1,0,0,0,2,0,0,0,0,0,0,0,0,0,2,0,0,1,0,11,0,0,0,0,0,0,2,0,0,1,135,0,0,0,0,0,0,6,0,0,0,0,0,97,0,0,0,0,0,0,0,0,0,2,0,0,0,16,1,1,7
"139",0,0,0,0,0,0,0,2,0,0,0,0,0,0,0,3,0,0,0,0,0,5,0,1,0,0,0,0,0,0,12,0,0,0,1,0,0,9,0,0,0,3,0,0,4,0,0,0,5,0,3,0,0,0,0,0,0,0,1,0,0,0,0,6,0,1,0,0,1,8,0,0,0,0,0,0,0,2,0,0,5,0,0,0,0,0,0,0,0,0,0,0,0,2,39,0,0,1,1,0,0,2,2,0,0,0,0,0,0,0,0,1,0,0,2,0,0,0,0,0,0,0,0,0,0,0,1,2,13,1,0,0,0,0,0,0,0,0,0,2,0,0,0,0,0,4,0,0,0,0,0,4,0,27,0,0,5,0,0,0,0,1,0,0,0,0,0,0,0,0,0,1,0,0,2,0,0,0,0,0,0,0,0,0,0,0,0,180,0,0,0,0,0,0,8,0,0,0,0,0,75,0,0,0,0,0,0,0,0,0,3,0,0,0,15,34,6,13
"140",0,5,0,0,0,0,0,0,0,1,0,1,0,0,0,0,0,0,0,0,0,1,0,0,0,0,0,0,0,0,4,0,0,1,1,0,0,5,1,2,0,3,0,0,7,0,1,0,0,0,4,0,0,0,1,0,0,0,0,0,0,1,0,0,0,0,0,0,0,55,0,0,0,0,0,0,0,1,0,0,3,1,0,0,0,0,0,0,0,0,0,0,0,0,10,0,0,0,1,0,0,1,0,0,2,0,0,0,0,0,0,3,0,0,4,0,0,0,0,0,0,1,0,0,4,0,1,1,10,2,0,0,0,0,0,0,0,0,1,1,0,0,0,1,0,6,0,0,0,0,0,4,0,4,0,0,4,4,0,0,0,0,0,0,0,0,0,0,0,0,0,0,0,0,2,0,5,0,0,0,4,0,0,1,0,0,0,222,0,0,0,0,0,0,3,0,0,0,0,1,83,0,1,0,0,0,0,0,3,0,0,0,0,0,6,9,0,0
"141",0,0,0,0,0,0,0,1,0,0,0,0,0,0,0,0,0,0,0,1,0,4,0,0,0,0,0,0,0,0,0,0,0,0,1,0,0,0,1,3,0,1,0,0,0,0,2,0,0,0,0,0,0,0,1,0,0,0,0,1,0,0,0,1,0,0,0,0,0,53,0,0,2,0,0,0,0,0,0,0,7,1,0,0,0,0,0,0,0,0,0,0,0,3,0,0,0,0,0,0,0,0,0,0,0,0,0,0,0,0,0,1,0,0,3,0,0,0,0,0,0,3,0,0,2,0,1,2,12,0,0,0,0,0,0,0,0,0,0,13,0,0,0,0,0,9,0,0,0,0,0,5,0,11,0,2,1,10,0,0,0,0,0,0,0,0,0,0,0,0,0,0,0,0,0,0,6,0,0,0,0,0,0,1,0,0,0,192,0,0,0,0,0,0,1,0,0,0,0,2,109,0,0,0,0,0,0,0,0,0,0,0,0,0,11,2,5,14
"142",0,0,1,0,0,0,5,1,0,0,0,0,0,0,0,0,0,0,0,2,0,14,0,0,0,0,0,0,0,0,0,0,0,0,1,0,0,0,0,4,0,4,0,0,5,0,0,0,0,0,0,0,0,0,1,0,0,0,2,2,0,1,0,1,0,0,0,0,0,46,0,1,0,0,0,0,0,0,0,0,3,0,0,0,0,0,0,0,0,0,0,0,0,1,7,0,0,0,0,0,0,0,0,0,1,0,0,0,0,0,0,0,0,0,2,0,0,0,0,0,0,10,0,0,0,0,1,0,5,0,0,0,0,0,0,0,0,0,0,4,0,0,0,0,0,0,0,0,0,0,0,3,0,9,0,0,1,22,0,0,0,0,0,0,0,0,0,0,0,0,0,0,0,0,3,0,1,0,0,0,0,0,0,0,0,0,0,237,0,0,1,0,0,0,1,0,0,0,0,0,82,0,0,0,0,0,0,0,0,5,0,0,0,0,20,4,0,21
"143",0,1,2,0,0,0,1,0,0,0,0,0,0,0,1,1,0,0,0,1,0,0,0,0,0,0,0,0,0,0,2,0,0,0,0,0,1,0,0,4,0,2,0,0,9,0,2,0,0,0,0,0,0,0,5,0,0,0,0,0,0,0,0,0,0,0,0,0,0,76,0,0,1,0,0,0,0,0,0,0,4,0,2,0,0,0,0,0,0,0,0,0,1,0,2,0,0,0,0,0,0,0,1,1,0,0,0,0,0,0,0,8,0,0,0,0,0,1,0,0,0,6,0,0,0,0,0,1,13,6,0,0,0,0,0,0,0,0,0,4,0,0,0,0,0,0,0,0,1,0,0,5,0,7,0,1,0,15,0,0,0,1,0,0,0,0,0,0,0,0,0,2,0,0,1,0,2,0,0,0,0,0,0,1,0,0,0,312,0,0,1,0,0,0,0,0,0,0,0,0,130,0,0,0,0,1,0,0,0,0,0,0,0,0,15,13,8,33
"144",0,1,0,0,0,0,0,0,0,0,0,0,0,0,0,0,0,0,0,2,0,2,0,0,0,0,0,0,0,0,0,0,0,0,2,0,0,0,2,2,0,6,0,0,5,0,0,0,0,0,0,0,0,0,1,0,0,0,3,2,0,0,0,0,0,0,0,0,0,78,0,0,1,0,0,0,0,0,0,0,3,1,0,0,0,0,0,0,0,0,0,0,0,1,4,0,0,0,0,0,0,0,0,0,0,0,0,0,0,0,0,4,0,0,1,0,0,0,0,0,0,5,0,0,1,0,1,2,2,2,0,0,0,0,0,0,0,0,0,4,0,0,1,0,0,1,0,0,0,0,0,10,0,8,0,0,3,17,0,0,2,0,0,0,0,1,0,0,0,0,0,2,0,0,1,0,1,0,0,0,0,0,0,0,0,0,0,272,0,0,0,0,0,0,2,0,0,0,0,0,84,0,0,0,0,0,0,0,0,1,0,0,0,0,5,9,2,6
"145",0,1,2,0,0,0,1,0,0,0,0,0,0,0,0,1,0,0,0,0,0,3,0,0,0,0,0,0,0,1,0,0,1,0,1,0,0,0,2,2,0,1,0,0,3,0,2,0,0,0,0,0,0,0,1,0,0,0,0,1,0,1,0,2,0,1,0,0,0,63,0,1,0,0,0,0,0,0,0,0,2,0,0,0,0,0,0,1,0,0,0,0,0,0,3,0,0,0,1,0,0,0,0,0,0,0,0,0,0,0,0,3,0,0,2,0,0,0,0,0,0,4,1,0,1,0,0,2,10,2,0,0,0,0,0,0,0,0,0,7,0,1,0,0,0,3,0,0,0,0,0,7,0,15,0,5,0,15,0,0,0,0,0,0,0,0,0,0,0,0,0,1,0,0,1,0,2,0,0,1,4,0,0,2,0,0,0,229,0,0,2,0,0,0,0,0,0,0,0,0,73,0,0,0,0,0,0,0,0,0,0,0,0,0,18,4,3,7
"146",0,2,2,0,0,0,0,0,0,0,0,0,0,0,0,0,0,0,0,1,0,3,0,0,0,0,1,0,1,0,1,0,0,0,0,0,0,0,0,0,0,6,0,0,7,0,0,0,0,0,1,0,0,0,2,0,0,0,0,0,0,0,0,0,0,0,0,0,0,44,0,0,0,0,0,0,0,0,0,0,1,0,0,0,0,0,0,0,0,0,0,0,0,3,1,0,0,0,2,0,0,0,0,0,0,0,0,0,0,0,0,3,0,0,1,0,0,2,0,0,0,8,0,0,0,0,0,0,11,4,0,0,0,0,0,0,0,0,0,9,0,0,0,0,0,1,0,0,0,0,0,4,0,14,0,2,0,23,0,0,0,0,0,0,0,0,0,0,0,0,0,0,0,0,0,0,4,0,0,0,0,1,0,5,0,0,0,244,0,0,0,0,0,0,0,0,0,3,0,0,71,0,0,0,0,0,0,0,0,0,0,0,0,0,8,7,4,6
"147",0,2,1,0,0,0,0,0,0,0,0,0,0,0,0,0,0,0,0,2,0,0,0,0,0,0,0,0,0,0,0,0,1,0,0,0,0,0,0,0,0,1,0,0,6,0,0,0,0,0,0,0,0,0,1,0,0,0,0,3,0,1,0,1,0,0,0,0,0,14,0,0,1,0,0,0,0,0,0,1,2,1,0,1,0,0,0,0,0,0,0,0,0,3,3,0,0,0,0,0,1,0,0,0,0,0,0,0,0,0,0,9,0,0,0,0,0,0,0,0,0,4,0,0,0,0,1,0,12,1,0,0,0,0,0,0,0,0,0,10,0,0,0,0,0,1,0,0,0,0,0,5,0,10,0,4,2,15,1,0,0,0,0,0,0,0,0,0,0,0,0,0,0,0,2,0,2,0,0,0,0,0,0,0,0,0,0,277,0,0,1,0,0,0,0,0,0,0,0,1,74,0,0,0,0,0,0,0,0,0,0,0,0,0,9,1,2,11
"148",0,0,0,0,0,0,1,0,0,0,0,0,0,0,0,0,0,0,0,0,0,4,0,0,0,0,1,0,0,0,0,0,2,0,0,0,0,0,0,0,0,7,0,0,6,0,2,0,0,0,0,0,0,0,5,0,0,0,0,2,0,2,0,2,0,1,0,0,0,7,1,1,1,0,0,0,0,0,0,0,4,2,0,0,0,0,0,0,0,0,0,0,0,1,0,0,0,0,0,0,0,0,0,0,0,0,1,0,0,0,0,7,0,0,0,0,0,0,0,0,0,6,0,0,0,0,2,0,15,1,0,0,0,0,0,0,0,0,0,11,0,0,0,0,0,0,0,0,0,0,0,1,0,12,0,1,4,18,0,0,0,0,0,0,0,0,0,0,0,0,0,0,0,0,0,0,2,0,0,0,0,0,0,2,0,0,0,273,0,0,1,0,0,0,0,0,0,1,0,0,84,0,0,0,0,3,0,0,0,1,0,1,0,0,8,6,1,4
"149",0,3,0,0,0,0,0,1,0,0,0,0,0,0,0,0,0,0,0,0,0,9,0,0,0,0,2,0,0,2,1,0,1,0,1,0,4,4,0,5,0,3,0,0,7,0,1,1,2,0,0,0,0,0,0,0,0,0,0,0,0,2,0,0,0,0,0,0,0,12,0,2,6,0,0,0,0,0,0,0,15,0,4,0,0,0,0,3,0,1,0,0,0,1,0,0,0,0,0,0,0,0,1,0,0,0,0,0,0,0,0,11,0,0,2,0,0,2,0,0,0,0,0,0,1,0,0,0,19,1,0,0,2,0,0,0,0,0,0,4,0,0,0,0,0,0,0,0,0,0,0,8,0,30,0,0,3,10,0,0,0,0,0,0,0,0,0,0,0,0,0,0,0,0,2,0,4,0,0,0,0,1,0,0,0,0,0,226,0,0,1,0,0,0,0,0,0,0,0,0,60,0,1,0,0,3,0,0,0,0,0,0,0,0,16,5,4,11
"150",0,1,0,0,0,0,0,0,0,0,0,0,0,0,0,0,0,0,0,2,0,10,0,0,0,0,0,0,0,1,1,0,0,0,2,0,6,0,0,9,0,6,0,0,6,0,1,3,0,0,0,0,0,0,0,0,0,0,8,1,0,1,0,0,0,0,0,0,0,12,0,0,0,0,0,0,0,0,0,0,3,0,0,0,0,0,0,1,0,0,0,0,0,0,4,0,0,0,0,0,0,0,0,0,0,0,0,0,0,0,0,4,0,0,1,0,0,1,0,0,0,0,0,0,1,0,1,1,1,1,0,0,5,0,0,0,0,0,0,2,0,0,0,0,0,0,0,0,0,0,0,7,0,6,0,0,3,17,0,0,0,0,0,0,0,1,0,0,0,0,0,3,0,0,0,0,1,0,0,0,0,4,0,1,0,0,0,380,0,0,2,0,0,0,0,0,0,0,0,0,55,0,0,0,0,0,1,0,0,0,0,0,0,0,10,8,5,1
"151",0,0,1,0,0,0,0,0,0,0,0,0,0,0,0,0,0,0,0,4,0,5,0,3,0,0,1,1,0,0,0,0,0,0,1,0,4,0,0,1,2,3,0,0,1,0,4,0,0,0,0,0,0,0,2,0,0,0,0,0,0,0,0,1,0,0,0,0,0,6,0,4,2,0,0,0,0,0,0,0,8,0,0,0,0,0,0,0,0,1,0,0,0,3,2,0,0,0,3,0,0,0,0,0,0,0,0,0,0,0,0,9,0,0,0,0,0,0,0,0,0,0,0,0,0,0,3,3,17,2,0,0,0,0,0,0,0,0,0,9,0,0,0,0,0,0,0,0,0,0,0,8,0,6,0,6,3,19,0,0,0,0,0,0,0,0,0,0,0,0,0,0,0,0,0,0,1,0,0,0,0,0,0,1,0,0,0,289,0,0,3,0,0,0,0,0,0,0,0,0,61,0,0,0,0,3,0,0,0,0,0,0,0,0,10,1,2,5
"152",0,0,1,0,0,0,4,0,0,0,0,0,0,0,0,0,0,0,0,0,0,13,0,0,0,0,0,0,0,0,0,0,0,0,9,0,2,0,0,8,0,6,0,0,2,0,0,0,0,0,0,0,0,0,0,0,0,0,8,0,0,0,0,0,0,0,0,0,0,2,0,0,0,0,0,0,0,0,0,0,10,0,0,0,0,0,0,2,0,0,0,0,0,0,1,0,0,0,0,0,0,1,0,1,0,0,0,0,0,0,0,3,0,0,2,0,0,0,0,0,0,0,0,0,0,0,2,1,0,3,0,0,0,0,0,0,0,0,0,4,0,0,0,0,0,4,0,0,0,0,0,15,0,22,0,0,2,17,0,0,0,0,1,0,0,0,0,0,0,0,0,0,0,0,0,0,1,0,0,0,0,0,0,0,0,0,0,241,0,0,1,0,0,0,0,0,0,0,0,1,68,0,0,0,0,0,0,0,0,0,0,0,0,0,52,9,2,2
"153",0,0,0,0,0,0,1,0,0,0,0,0,0,0,0,0,0,0,0,1,0,3,0,1,0,0,0,0,0,1,0,0,0,0,1,0,1,0,0,1,0,3,0,0,4,0,0,1,0,0,0,0,0,0,0,0,0,0,0,0,0,0,0,0,0,0,0,0,0,15,0,0,1,0,0,0,0,0,0,0,5,0,0,0,0,0,0,0,0,0,0,0,0,0,1,0,0,0,0,0,0,0,0,0,0,0,0,0,0,0,0,7,0,0,3,0,0,0,0,0,0,0,0,0,0,0,3,6,25,1,0,0,1,0,0,0,0,0,0,4,0,0,0,0,0,0,0,0,0,0,0,10,1,39,0,1,8,18,0,0,0,0,0,0,0,0,0,0,0,0,0,1,0,0,1,0,0,0,0,2,1,3,0,0,0,0,0,385,0,0,8,0,0,0,0,0,0,0,0,0,71,0,0,0,0,0,0,0,0,0,2,0,0,0,27,0,2,5
"154",0,1,0,0,0,0,1,0,0,0,0,0,0,0,1,0,0,0,0,0,0,6,0,0,0,0,2,0,0,0,0,0,0,0,1,0,5,0,0,5,1,1,0,0,2,0,0,0,1,0,0,0,0,0,2,0,0,0,8,0,0,0,0,0,0,0,0,0,0,9,0,3,0,0,0,0,0,0,0,0,4,0,1,0,0,0,0,1,0,0,0,0,0,0,0,0,0,0,0,1,0,0,1,1,0,0,0,0,0,0,0,11,0,0,4,0,0,2,0,0,0,0,0,0,0,0,0,0,23,4,0,0,1,0,0,0,1,0,0,4,0,0,1,2,0,2,0,0,0,0,0,8,0,7,0,0,11,28,0,0,0,0,0,0,0,0,0,0,0,0,0,0,0,0,1,0,2,0,0,0,3,6,0,0,0,0,0,265,0,0,9,0,0,0,0,0,0,2,0,0,59,0,0,0,0,0,0,0,0,0,0,4,0,0,20,7,5,6
"155",0,2,0,0,0,0,0,0,0,0,0,0,0,0,0,0,0,0,0,3,0,4,0,0,0,0,0,1,0,0,0,0,0,0,1,0,3,0,0,8,0,0,0,0,1,0,1,0,0,0,0,0,0,0,3,0,0,0,0,0,0,0,0,1,0,0,0,0,1,6,0,7,1,0,0,0,0,0,0,0,5,0,0,0,0,0,0,0,0,0,0,0,0,2,2,0,0,0,0,0,0,0,0,0,0,0,0,0,0,0,0,10,0,0,1,0,0,3,0,0,0,0,0,0,0,0,7,2,17,0,0,0,0,0,0,0,0,0,0,4,0,0,1,0,0,4,0,0,1,0,0,6,0,19,0,6,7,15,0,0,0,0,0,0,0,0,0,0,0,1,0,0,0,0,1,0,1,0,0,0,0,3,0,0,0,0,0,264,0,0,7,0,0,0,0,0,0,0,0,0,57,0,0,0,0,0,0,0,0,0,0,2,0,0,16,2,1,6
"156",0,0,1,0,0,1,0,0,0,0,0,0,0,0,0,0,0,0,0,0,0,4,0,0,0,0,0,0,0,0,0,0,0,0,4,0,0,0,0,4,0,4,0,0,1,0,1,0,0,0,0,0,0,0,0,0,0,0,13,0,0,0,0,0,0,0,0,0,0,4,0,1,0,0,0,0,0,0,0,0,8,0,0,0,0,0,0,3,0,0,1,0,0,1,0,0,0,0,0,0,0,0,0,0,0,0,0,0,0,0,0,4,0,0,3,0,0,0,0,0,0,0,0,0,0,0,3,1,19,0,0,0,0,0,0,0,0,0,0,3,0,0,0,0,0,1,0,0,0,0,0,12,0,26,0,0,6,23,0,0,0,0,0,0,0,0,0,0,0,0,0,0,0,0,0,0,4,0,0,0,3,0,0,0,0,0,0,252,0,0,7,0,0,0,0,0,0,0,0,0,72,0,0,0,0,0,0,0,0,0,0,0,0,0,10,5,3,5
"157",0,0,1,0,0,0,0,2,0,0,0,0,0,0,0,0,0,0,0,0,0,0,0,0,0,0,0,0,0,1,1,0,0,0,0,0,1,0,0,2,0,1,0,0,2,0,3,0,0,0,0,1,0,0,4,0,0,0,0,0,0,0,0,0,0,0,0,0,0,5,0,0,0,0,0,0,0,0,0,0,7,1,1,0,0,0,1,2,0,0,0,0,0,0,2,0,0,0,1,0,0,0,0,1,0,0,0,0,0,0,0,8,0,0,1,0,0,0,0,0,1,1,0,0,0,0,3,7,19,2,0,0,0,0,0,0,0,0,0,8,0,0,1,0,0,0,0,0,0,0,0,23,0,27,0,5,4,11,0,0,2,1,0,0,0,0,0,0,0,0,0,1,0,0,0,0,3,0,0,0,1,2,0,0,0,0,0,239,0,0,4,0,0,0,0,0,0,2,0,0,50,0,0,0,0,0,0,0,3,3,0,0,0,0,14,1,2,16
"158",0,1,1,0,0,0,0,0,0,0,0,0,0,0,0,0,0,0,0,0,0,6,0,0,0,0,1,0,0,0,1,0,0,0,11,0,1,0,0,0,0,4,0,0,0,0,0,0,0,0,1,0,0,0,2,0,0,0,14,0,0,0,0,1,0,0,0,0,0,0,0,4,1,0,0,0,0,0,0,0,10,0,0,0,0,0,0,3,0,0,0,0,0,0,2,0,0,0,0,0,0,0,0,0,0,0,0,0,0,0,0,5,0,0,6,0,0,1,0,0,0,0,0,0,1,0,1,0,13,1,0,0,0,0,0,0,0,0,0,8,0,0,0,0,0,5,0,0,0,0,0,6,0,22,0,0,4,16,0,0,0,0,0,0,0,0,0,0,0,0,0,0,0,0,1,0,2,0,0,0,0,0,0,0,0,0,0,306,0,0,4,0,0,0,0,0,0,0,0,0,60,0,1,0,0,2,0,0,0,0,0,0,0,0,29,7,1,6
"159",0,0,0,0,0,1,0,0,0,0,0,0,0,0,0,0,0,0,0,2,0,2,0,0,0,0,0,0,0,0,0,0,0,0,3,0,1,0,0,1,0,4,0,0,1,0,0,0,0,0,0,0,0,0,2,0,0,0,0,0,0,0,0,1,0,0,0,0,0,0,0,1,0,0,0,0,0,0,0,0,5,0,1,0,0,0,0,0,0,0,0,0,0,2,0,0,0,0,0,0,0,0,0,1,0,0,0,0,0,0,0,6,0,0,0,0,0,0,0,0,0,0,0,0,0,0,0,0,10,1,0,0,0,0,1,1,0,0,0,3,0,0,0,1,0,0,0,0,0,0,0,3,0,4,0,1,6,4,0,0,0,0,0,0,0,0,0,0,1,0,0,0,0,0,0,0,0,0,0,0,0,1,0,1,0,0,0,224,0,0,0,0,0,0,0,0,0,1,0,0,29,0,0,0,0,0,0,0,1,0,1,0,0,0,12,2,0,2
"160",0,0,0,0,0,0,0,0,0,0,0,0,0,0,0,0,0,0,0,5,0,3,0,0,0,0,0,0,0,0,1,0,0,0,2,0,1,0,0,0,0,3,0,0,0,0,0,0,0,0,0,0,0,0,0,0,0,0,0,0,0,0,0,1,0,0,0,0,0,5,0,2,1,0,0,0,0,0,0,0,6,0,0,0,0,0,0,1,0,0,0,0,0,0,0,0,0,0,0,0,0,0,0,1,0,1,0,0,0,0,0,7,0,0,0,0,0,2,0,0,0,0,0,0,0,0,0,0,9,0,0,0,0,0,0,0,0,0,0,3,0,0,0,1,1,0,0,0,0,0,1,3,0,16,0,7,3,5,1,0,0,0,0,0,0,0,0,0,0,0,0,1,0,0,0,0,1,0,0,0,0,0,0,0,0,0,0,182,0,0,1,0,0,0,0,0,0,0,0,0,37,0,0,0,0,0,0,0,0,0,2,0,0,0,9,2,1,4
"161",0,2,1,0,0,0,3,0,0,0,0,0,0,0,1,0,0,0,0,1,0,5,0,2,0,0,0,0,0,0,0,0,0,0,4,0,2,0,0,10,0,2,0,0,0,0,0,0,0,0,0,0,0,0,1,0,0,0,0,5,0,3,0,3,0,0,0,0,0,3,0,7,19,0,0,0,0,0,0,0,12,0,4,0,0,0,0,1,0,1,0,0,0,2,28,0,0,2,1,0,0,1,0,0,1,0,0,0,0,0,0,4,1,0,2,0,0,8,0,0,0,1,0,0,0,0,1,0,9,1,0,0,0,0,0,2,0,0,0,2,0,0,0,0,0,0,0,0,0,0,0,4,0,9,0,8,4,3,0,0,0,1,0,1,0,0,0,0,0,0,0,3,0,0,0,0,3,2,0,2,0,0,0,0,0,0,0,256,0,0,2,0,0,0,0,0,0,0,0,0,37,0,0,0,0,0,0,0,0,0,0,0,0,0,21,6,2,3
"162",0,2,0,0,0,0,0,0,0,0,0,0,1,0,0,0,0,0,0,0,0,5,0,0,0,0,0,0,0,0,1,0,0,0,4,0,4,0,0,1,0,0,0,0,3,0,0,0,0,0,0,0,0,0,1,0,0,0,2,1,1,3,0,1,0,0,0,0,0,1,0,2,5,0,0,0,0,1,0,0,7,0,2,0,0,0,0,4,0,0,0,0,0,0,4,0,0,1,1,0,0,0,0,3,0,0,0,0,0,0,0,2,0,0,1,0,0,7,0,0,0,0,0,0,1,0,4,2,7,0,0,1,0,0,0,6,0,0,0,3,0,0,0,1,0,0,0,0,0,0,0,2,0,19,0,5,4,4,0,0,0,0,0,0,0,0,0,0,0,0,0,0,0,0,0,0,6,0,0,0,0,0,0,1,0,0,0,185,0,0,0,0,0,0,0,0,0,1,0,0,28,0,0,0,0,0,0,0,0,0,1,0,0,0,11,5,5,1
"163",0,0,2,0,0,0,1,0,0,3,0,0,0,0,0,0,0,0,0,2,0,6,0,0,0,0,0,0,0,0,0,0,1,0,9,0,4,0,0,0,0,0,0,0,1,0,0,0,0,0,0,0,0,0,0,0,0,0,2,0,0,0,0,0,0,0,0,0,0,1,0,8,0,0,0,0,0,0,0,0,10,0,4,0,0,0,0,3,0,1,0,0,0,0,0,0,0,0,1,0,0,0,0,6,0,0,0,0,0,0,0,2,0,0,1,0,0,7,0,0,0,0,1,0,0,0,1,2,4,0,0,0,0,0,0,0,0,0,0,4,0,0,0,1,0,0,0,0,0,0,0,6,0,21,0,4,1,5,1,0,0,0,0,0,0,0,0,0,0,0,0,1,0,0,1,0,1,0,0,0,0,4,0,0,0,0,0,168,0,0,0,0,0,0,0,0,0,0,0,0,34,0,0,0,0,0,0,0,0,0,0,0,0,0,9,4,0,1
"164",0,0,0,0,0,0,0,0,0,0,0,0,0,0,0,0,0,0,0,0,0,1,0,0,0,0,0,0,0,0,0,0,0,0,3,0,1,0,0,2,0,1,0,0,0,0,0,0,0,0,1,0,0,0,1,0,0,0,1,0,0,1,0,0,0,1,0,0,0,3,0,14,1,0,0,0,0,0,0,0,7,0,1,0,0,0,0,0,0,1,0,0,0,0,0,0,0,0,0,0,0,0,0,2,0,0,0,0,0,0,0,0,1,0,1,0,0,2,0,0,0,0,12,0,0,0,3,2,41,0,0,0,0,0,0,0,0,0,0,0,0,0,1,0,0,0,0,0,0,0,0,14,0,9,0,5,4,6,0,0,1,0,0,1,0,0,0,0,0,0,0,0,0,0,0,0,0,0,0,0,0,0,0,0,0,0,0,99,0,0,1,0,0,0,0,0,0,3,0,0,23,0,0,0,0,0,0,0,0,0,0,0,0,0,26,9,0,6
"165",0,0,0,0,0,0,0,0,0,0,0,0,0,0,0,0,0,0,0,1,0,3,0,0,0,0,0,0,0,0,0,0,0,0,9,0,8,0,0,2,0,1,0,0,0,0,0,0,0,0,2,0,0,0,0,0,0,0,0,0,0,0,0,0,0,0,0,0,0,0,0,6,0,0,0,0,0,0,0,0,3,0,1,0,0,0,0,1,0,0,0,0,0,0,1,0,0,0,0,0,0,0,0,0,0,0,0,0,0,0,0,5,0,1,1,0,0,2,0,0,0,0,18,0,0,0,1,0,52,0,0,0,0,0,0,0,0,0,0,1,0,0,0,1,0,0,0,0,0,0,0,6,0,17,0,3,0,1,0,0,0,0,0,0,0,0,0,0,0,0,0,0,0,0,2,0,1,0,0,1,0,4,0,0,0,0,0,104,0,0,0,0,0,0,0,0,0,0,0,0,13,0,0,0,0,0,0,0,0,0,0,0,0,0,10,14,3,12
"166",0,1,2,0,0,0,0,0,0,0,0,0,0,0,0,0,0,0,0,0,0,2,0,0,0,0,0,0,0,1,0,0,0,0,5,0,2,0,0,0,0,0,0,0,0,0,0,0,0,0,0,0,0,0,1,0,0,0,1,1,0,0,0,0,0,0,0,0,0,0,0,7,1,0,0,0,0,0,0,0,6,0,0,0,0,0,0,2,0,0,0,0,0,0,4,0,0,0,0,0,0,5,0,1,0,0,0,0,0,0,0,3,0,0,3,0,0,1,0,0,0,0,0,0,0,0,0,1,17,0,0,0,0,0,0,0,0,0,0,2,0,0,0,1,0,0,0,0,0,0,0,9,0,25,0,5,1,4,0,0,0,0,0,0,0,0,0,0,1,0,0,0,0,0,1,0,3,0,0,0,0,5,0,2,0,0,0,159,0,0,2,0,0,0,0,1,0,2,0,0,41,0,0,0,0,0,0,0,0,0,0,0,0,0,24,2,1,2
"167",0,0,0,0,0,0,0,0,0,0,0,0,0,0,0,0,0,0,0,0,0,0,0,1,0,0,0,0,0,0,0,0,0,0,11,0,6,0,0,1,0,0,0,0,0,0,0,0,0,0,0,0,0,0,1,0,0,0,0,1,0,1,0,0,0,0,0,0,0,3,0,14,0,0,0,0,0,0,0,0,9,0,0,0,0,0,0,0,0,0,0,1,0,0,1,0,0,0,0,0,0,3,0,0,0,0,0,0,0,0,0,0,0,0,0,0,0,0,0,0,0,0,0,0,0,0,1,1,17,1,0,0,0,0,0,0,0,0,0,3,0,0,0,0,0,0,0,0,0,0,0,8,0,15,0,6,1,2,0,0,0,0,0,0,0,0,0,0,0,0,0,0,0,1,0,0,2,0,0,0,0,0,0,0,0,0,0,161,0,0,1,0,0,0,0,1,0,2,0,0,32,0,0,0,0,0,0,0,0,0,0,0,0,0,12,4,2,4
"168",0,1,0,0,0,0,0,0,0,0,0,0,0,0,0,1,0,0,0,0,0,1,0,0,0,0,0,0,0,0,0,0,0,0,10,0,4,0,0,1,0,0,0,0,0,0,0,0,0,0,0,0,0,0,0,0,0,0,0,0,0,0,0,0,0,0,0,0,0,1,0,23,0,0,0,0,0,0,0,0,3,0,0,0,0,0,0,0,0,0,0,0,0,1,0,0,0,0,0,0,0,3,0,0,0,0,0,0,0,0,0,1,0,0,2,0,0,1,0,0,0,0,0,0,0,0,1,0,62,0,0,0,1,0,0,0,0,0,0,3,0,0,0,0,1,5,0,0,0,0,0,2,0,6,0,4,2,3,0,0,1,0,0,0,0,0,0,0,0,0,0,3,0,0,0,0,1,0,0,0,0,0,0,0,0,0,0,100,0,0,0,0,0,0,0,0,0,0,0,1,14,0,0,0,0,0,0,0,0,0,0,0,0,0,8,14,1,27
"169",0,1,0,0,0,0,0,0,0,0,0,0,0,0,0,0,0,0,0,0,0,0,0,0,0,0,0,0,0,0,0,0,0,0,5,0,4,0,0,2,0,0,0,0,0,0,0,0,0,0,0,0,0,0,1,0,0,0,1,1,0,0,0,0,0,0,0,0,0,7,0,6,0,0,0,0,0,0,0,0,8,0,1,0,0,0,0,3,0,0,0,0,0,0,0,0,0,0,0,0,0,5,0,0,0,2,0,0,0,0,0,2,0,0,0,0,0,1,0,0,0,0,1,0,0,0,1,0,73,0,0,0,1,0,0,0,0,0,0,0,0,0,0,0,0,10,0,0,0,0,0,1,0,11,0,4,0,3,0,0,0,0,0,0,0,0,0,0,0,0,0,0,0,0,0,0,3,0,0,0,0,0,0,0,0,0,0,83,0,0,0,0,0,0,0,0,0,1,0,0,31,0,0,0,0,0,0,0,0,0,0,0,0,0,15,7,0,21
"170",0,0,1,0,0,0,0,0,0,0,0,0,0,0,0,0,0,0,0,0,0,4,0,0,0,0,0,0,0,0,1,0,0,0,9,0,10,0,0,0,0,0,0,0,0,0,0,0,0,0,0,0,0,0,1,0,0,0,4,0,0,0,0,1,0,0,0,0,0,5,0,6,0,0,0,0,1,0,0,0,18,0,0,0,0,0,0,1,0,0,0,0,0,0,1,0,0,0,1,0,0,0,0,4,0,0,0,0,0,0,0,4,0,0,1,0,0,6,0,0,0,0,0,0,0,0,3,0,32,0,0,0,0,0,0,0,0,0,0,1,0,0,0,1,0,2,0,0,0,0,0,12,0,49,0,9,1,2,0,0,0,0,0,0,0,0,0,0,0,0,0,1,0,0,0,0,4,0,0,0,0,0,0,1,0,0,0,193,0,0,2,0,0,0,0,0,0,0,0,0,78,0,0,0,0,0,0,0,0,0,0,0,0,0,20,5,1,12
"171",0,1,0,0,0,0,0,0,0,0,0,0,0,0,0,0,0,0,0,0,0,1,0,0,0,0,0,2,0,0,1,0,0,0,10,0,6,0,0,1,0,0,0,0,2,0,0,0,0,0,0,0,0,0,2,0,0,0,0,0,0,0,0,0,0,0,0,0,0,1,0,7,0,0,0,0,0,0,0,0,5,0,3,0,0,0,0,0,0,0,0,0,0,0,0,0,0,0,0,0,0,0,0,0,0,0,0,0,0,0,0,1,0,2,3,0,0,5,1,0,0,0,0,0,0,0,1,0,51,0,0,0,0,0,0,0,0,0,0,4,0,0,0,1,0,0,0,0,0,0,0,5,0,9,0,2,0,3,0,0,0,0,0,0,0,0,0,0,0,0,0,0,0,0,0,0,0,0,0,0,0,0,0,0,0,0,0,99,0,0,1,0,0,0,0,0,0,0,0,2,31,0,0,0,0,0,0,0,0,0,0,0,0,0,21,12,0,11
"172",0,2,0,0,0,0,1,1,0,0,0,0,0,0,0,0,0,0,0,0,0,3,0,0,0,0,0,0,0,0,0,0,0,0,11,0,9,0,0,0,0,0,0,0,1,0,0,0,0,0,0,0,0,0,1,0,0,0,0,0,0,0,0,0,0,0,0,0,0,7,0,15,1,0,0,0,0,0,0,0,9,0,0,0,0,0,0,3,0,0,0,0,0,0,0,0,0,0,0,0,0,0,0,2,0,0,0,0,0,0,0,0,0,1,2,0,0,6,0,0,0,0,0,0,0,0,2,0,28,0,0,0,0,0,0,0,0,0,0,5,0,1,0,0,0,0,0,0,0,0,0,11,0,29,0,4,4,11,0,0,0,0,0,1,0,0,0,0,0,0,0,0,0,0,1,0,4,0,0,0,0,1,0,0,0,0,0,245,0,0,3,0,0,0,0,0,0,0,0,0,54,0,0,0,0,0,0,0,0,0,0,0,0,0,19,3,3,3
"173",0,0,1,0,0,0,0,0,0,0,0,0,0,0,0,0,0,0,0,1,0,1,0,0,0,0,0,0,0,0,1,0,0,0,9,0,9,0,1,2,0,0,0,0,0,0,0,0,1,0,0,0,0,0,0,0,0,0,0,0,0,0,0,1,0,0,0,0,0,2,0,22,0,0,0,0,0,0,0,0,10,0,0,0,0,0,0,2,0,0,0,0,0,0,1,0,0,0,1,0,0,0,0,0,0,0,0,0,0,0,0,2,0,1,1,0,0,3,0,0,0,0,0,0,0,0,3,0,27,0,0,0,0,0,0,0,0,0,0,6,0,2,0,1,0,2,0,0,0,0,0,12,0,23,0,6,1,9,0,0,0,0,0,0,0,0,0,0,0,0,0,1,0,0,0,0,3,0,0,0,0,0,0,0,0,0,0,258,0,0,0,0,0,0,0,0,0,0,0,0,70,0,0,0,0,0,0,0,0,0,2,0,0,0,19,1,0,0
"174",0,0,4,0,0,0,0,0,0,0,0,0,0,0,0,0,0,0,0,0,0,3,0,0,0,0,0,0,0,0,0,0,0,0,3,0,1,0,0,3,0,0,0,0,0,0,0,0,0,0,0,0,0,0,1,0,0,0,0,4,0,0,0,0,0,0,0,0,0,4,0,12,0,0,0,0,1,0,0,0,16,0,0,0,1,0,0,1,0,0,0,0,0,0,0,0,0,0,0,0,0,0,1,0,0,0,0,0,0,0,0,5,0,0,2,0,0,0,0,0,0,0,0,0,1,0,2,1,40,3,0,0,0,0,0,0,0,0,0,3,0,3,0,0,1,8,0,0,0,0,0,12,0,33,0,1,4,11,0,0,0,0,0,0,0,0,0,0,0,0,0,1,0,0,0,0,6,1,0,0,0,2,0,0,0,0,0,249,0,0,2,0,0,0,0,2,0,0,0,1,60,0,0,0,0,0,0,0,0,0,1,0,0,0,13,3,2,7
"175",0,0,2,0,0,0,0,1,0,0,0,0,0,0,0,0,0,0,0,0,0,2,0,0,0,0,0,0,0,0,0,0,0,0,13,0,1,0,0,1,0,0,0,0,0,0,0,0,0,0,0,0,0,0,0,0,0,0,1,1,0,0,0,0,0,0,0,0,0,1,0,18,2,0,0,0,0,0,0,0,11,0,0,0,0,0,0,1,0,0,0,0,0,0,0,0,0,0,0,0,0,0,0,0,0,0,0,0,0,0,0,2,0,0,1,0,0,0,0,0,0,0,0,0,0,1,2,2,23,1,0,0,0,0,0,0,0,0,0,1,0,0,0,0,0,2,0,0,0,0,0,9,0,9,0,8,0,9,0,0,0,1,0,0,0,0,0,0,0,0,0,0,0,0,0,0,7,0,0,1,0,0,0,2,0,0,0,278,0,0,3,0,0,0,0,0,0,0,0,0,77,0,0,0,0,0,0,0,0,0,0,0,0,0,41,3,1,5
