"","Acacia groupe I","Acacia groupe III","Acalypha","Acanthaceae undiff.","Achyranthes-type aspera","Aerva-type lanata","Aeschynomene baumii-type","Alangium chinense","Alchornea","Alstonia-type boonei","Amaranthaceae/Chenopodiaceae undiff.","Anisotes","Anogeissus-type leiocarpus","Anthocleista","Anthospermum","Antidesma-type venosum","Apocynaceae undiff.","Asteraceae undiff.","Balanites rotundifolia-type","Bersama abyssinica-type","Blighia unijugata-type","Bombax costatum-type","Borassus-type aethiopum","Bridelia ferruginea-type","Caesalpiniaceae undiff.","Campylospermum","Carapa-type procera","Caryophyllaceae undiff.","Cassia-type","Cassia-type italica","Ceiba pentandra","Celastraceae undiff.","Celastraceae/Hippocrateaceae undiff.","Celtis","Chaetacme aristata","Cissus quadrangularis-type","Clematis-type","Combretaceae undiff.","Combretaceae/Melastomataceae undiff.","Combretum-type molle","Commelina-type benghalensis","Commiphora africana-type","Cordia platythyrsa-type","Croton-type","Cucurbitaceae undiff.","Cussonia","Cyathula-type orthacantha","Cyperaceae undiff.","Cyphostemma-type cyphopetalum","Diospyros","Dombeya-type","Ekebergia-type capensis","Elaeis guineensis","Elaeophorbia-type","Entada-type","Euphorbiaceae undiff.","Fabaceae undiff.","Ficus","Flueggea virosa-type","Ganophyllum-type giganteum","Garcinia granulata-type","Gardenieae undiff.","Grewia-type","Hagenia abyssinica","Harungana madagascariensis-type","Heliotropium steudneri-type","Holoptelea grandis","Hymenocardia","Hymenodictyon-type floribundum","Undetermined","Indigofera","Iodes","Irvingia-type gabonensis","Isoberlinia-type","Justicia-type flava","Klaineanthus gaboniae","Lamiaceae undiff.","Lannea-type","Leucas-type","Lophira lanceolata-type","Lygodium microphyllum","Macaranga-type","Mallotus-type oppositifolius","Mansonia altissima-type","Margaritaria discoidea","Meliaceae undiff.","Mimulopsis-type","Mitragyna-type inermis","Moraceae undiff.","Morelia senegalensis","Myrianthus-type arboreus","Myrica","Myrtaceae undiff.","Nymphaea lotus-type","Olea capensis-type","Olea europaea-type","Ozoroa-type","Pancovia-type bijuga","Parinari-type","Paullinia pinnata","Pausinystalia-type macroceras","Pavetta gardeniifolia-type","Phyllanthus-type","Phyllanthus-type nummulariifolius","Piptadeniastrum-type africanum","Poaceae undiff.","Podocarpus","Polyscias fulva-type","Protea-type","Psydrax-type schimperiana","Pteridium-type aquilinum","Pteridophyta undiff.","Pycnanthus angolensis-type","Raphia","Raphiostylis","Rauvolfia","Ricinus communis","Rubiaceae undiff.","Rubus pinnatus-type","Sapotaceae undiff.","Schefflera myriantha-type","Scottelia klaineana-type","Sorindeia-type juglandifolia","Monoletes undiff.","Triletes undiff.","Sterculia-type","Syzygium-type","Tacazzea-type apiculata","Tapinanthus-type","Tetrapleura tetraptera-type","Tetrorchidium","Thymelaeaceae undiff.","Trema-type orientalis","Trichilia-type","Trilepisium-type madagascariensis","Triplochiton scleroxylon-type","Uapaca","Vepris-type","Vernonieae undiff.","Vitex-type","Wahlenbergia-type","Withania-type somnifera","Zanha golungensis-type"
"1",0,0,0,0,0,0,0,0,8,0,0,0,0,0,0,0,0,19,0,0,0,0,0,0,0,0,0,0,0,0,1,3,0,0,0,0,0,4,0,0,0,0,0,0,0,0,0,89,0,0,0,0,0,0,0,0,0,0,0,0,0,0,0,0,0,0,0,4,14,4,0,0,0,0,0,0,0,0,0,0,0,9,0,0,0,0,0,0,13,0,0,0,0,0,0,0,0,0,0,0,3,0,0,0,0,560,1,0,0,0,0,0,1,0,0,0,0,0,0,2,0,0,0,6,3,0,0,0,0,0,2,0,11,0,0,0,0,0,0,0,0,0,1
"2",1,0,0,0,0,0,0,0,10,0,0,0,0,0,0,2,0,14,0,0,0,0,0,0,0,0,0,0,0,0,2,0,0,9,0,0,0,0,1,0,0,0,0,0,0,0,0,100,0,0,0,0,0,0,0,0,0,4,0,0,0,0,0,0,0,0,0,12,0,3,0,0,0,0,0,0,0,0,0,2,0,8,0,0,0,0,0,0,18,0,0,0,0,0,0,0,0,0,0,0,2,0,0,0,0,580,1,0,0,0,0,0,1,5,0,0,0,0,1,0,0,0,0,9,1,0,0,0,0,0,0,0,10,0,0,0,0,0,0,0,0,0,2
"3",0,0,0,0,0,0,0,0,4,0,0,0,0,0,0,0,0,11,0,0,0,0,0,1,0,0,0,0,0,0,0,0,0,6,0,0,0,0,0,1,0,0,0,0,0,0,0,53,0,0,0,0,0,0,0,0,0,3,0,0,0,0,0,0,0,0,0,3,0,3,0,0,0,0,2,0,0,0,0,0,0,0,1,0,0,0,0,0,0,0,20,0,0,3,0,0,0,0,0,0,0,1,0,0,0,535,0,0,0,0,0,3,0,1,0,0,0,0,0,0,1,0,1,5,0,0,3,0,0,0,0,0,1,0,0,0,0,0,2,0,0,0,0
"4",0,0,0,0,0,0,0,0,5,0,0,0,0,0,0,0,0,3,0,0,1,0,0,0,0,0,0,0,0,0,0,0,0,1,0,0,0,0,0,0,0,0,0,0,0,0,0,43,5,0,0,0,0,0,0,0,0,0,0,0,0,0,0,0,0,0,0,31,0,1,0,0,0,0,0,0,0,0,0,0,0,5,0,0,0,0,0,0,0,0,2,0,0,0,2,0,0,0,0,0,0,0,0,0,0,380,0,3,0,0,0,0,0,0,0,0,0,0,0,1,2,0,2,5,1,0,0,0,0,0,1,0,0,0,0,0,0,0,0,0,0,0,0
"5",0,0,0,0,0,0,0,0,3,0,0,0,0,0,0,0,0,4,0,0,1,0,0,0,0,0,0,0,0,0,0,0,0,4,0,0,0,3,0,0,0,0,0,0,0,0,0,46,0,0,0,0,0,0,0,0,0,0,0,0,0,0,0,0,0,0,0,15,0,2,0,0,0,0,0,0,0,0,0,0,0,4,1,0,0,0,0,0,0,0,0,0,0,0,0,0,0,0,0,0,0,0,0,0,0,490,0,0,0,0,0,0,0,0,0,0,0,0,0,0,0,0,5,5,0,0,0,0,0,0,1,0,0,0,0,0,0,0,0,0,0,0,0
"6",0,0,0,0,0,0,0,0,6,0,1,0,0,0,0,2,0,8,0,0,4,0,0,1,0,0,0,0,0,0,1,1,0,3,0,0,0,0,0,3,0,0,0,0,0,0,0,43,0,2,0,0,0,0,0,0,0,1,0,0,0,0,0,0,0,0,0,0,0,4,0,0,0,0,1,0,0,0,0,0,0,0,1,0,0,0,0,0,0,0,2,0,0,2,0,0,0,0,2,0,0,0,0,0,0,570,0,0,0,1,0,11,0,0,0,0,0,0,0,0,0,0,1,5,0,0,6,0,0,0,2,0,0,0,0,0,3,0,0,0,0,0,0
"7",0,0,0,1,0,0,0,1,9,1,0,0,0,0,0,0,0,3,0,0,0,0,0,1,1,0,0,0,0,0,0,1,0,2,3,0,0,4,0,0,0,0,0,0,0,1,0,35,0,0,0,1,0,0,0,0,0,2,0,0,0,0,0,0,0,0,0,14,0,3,0,0,0,0,0,0,0,0,0,0,0,1,4,0,0,1,0,0,0,0,7,0,0,0,0,0,0,0,1,0,0,0,0,0,0,565,0,0,0,1,0,6,1,2,0,0,0,0,0,0,0,0,3,2,0,0,1,0,0,0,0,0,0,2,0,0,0,0,0,0,0,0,0
"8",0,0,0,0,0,0,0,0,1,0,1,0,0,0,0,0,0,1,0,0,0,0,0,0,0,0,0,0,0,0,0,0,0,1,0,0,0,0,0,0,0,0,0,0,0,0,0,28,3,0,0,0,0,0,0,0,0,0,0,0,0,0,0,0,0,0,0,10,0,2,0,0,0,0,0,0,0,0,0,0,0,0,2,0,0,0,0,0,0,0,2,0,0,0,0,0,0,0,0,0,0,0,0,0,0,516,0,0,0,0,0,0,0,5,0,0,0,1,0,0,0,0,1,11,1,0,0,0,0,0,0,0,0,0,0,0,0,0,0,0,0,0,0
"9",0,0,0,0,0,0,0,0,2,0,1,0,0,0,0,0,0,2,0,0,0,0,0,1,0,0,0,0,0,0,0,0,0,3,0,0,0,2,0,0,0,0,0,0,0,0,0,46,0,0,0,0,0,0,0,0,0,0,0,0,0,0,0,0,0,0,0,6,0,7,0,0,0,0,0,0,0,0,0,0,0,0,0,0,0,0,0,0,0,0,60,0,0,0,0,0,0,0,1,0,0,0,0,0,0,517,0,0,0,1,0,2,0,0,0,0,0,0,0,0,0,0,1,0,1,0,0,0,0,0,0,0,0,0,0,0,0,0,0,0,0,0,0
"10",0,0,0,0,0,0,0,0,2,0,0,0,0,0,0,0,0,0,0,0,0,0,0,0,0,0,0,0,0,0,0,0,0,4,0,0,0,0,0,0,0,0,0,0,0,0,0,45,1,0,0,0,0,0,0,0,0,1,0,0,0,0,0,0,0,0,0,12,0,2,0,0,0,0,0,0,0,0,0,0,0,0,1,0,0,0,0,0,0,0,0,0,0,0,0,0,0,0,0,0,0,0,0,0,0,507,1,5,0,0,0,0,0,0,0,0,0,0,0,0,0,0,2,4,4,0,0,1,0,0,0,0,0,0,1,0,0,0,0,0,0,0,0
"11",0,0,0,0,0,0,0,0,4,0,2,0,0,0,0,0,0,3,0,0,0,0,0,0,0,0,0,0,0,0,1,0,0,0,1,0,0,0,0,0,0,0,0,0,0,0,0,31,0,0,0,0,0,0,0,1,0,0,0,0,0,0,0,0,0,0,0,10,0,2,0,0,0,0,0,0,0,0,0,0,0,0,0,0,0,1,0,0,0,0,30,0,0,0,0,0,0,0,0,0,0,0,0,0,0,511,0,0,0,0,0,0,0,0,0,0,0,0,0,0,0,0,3,2,2,0,0,0,0,0,0,0,0,1,0,0,0,0,0,0,0,0,0
"12",0,0,0,0,0,0,0,0,6,1,0,0,0,0,0,0,0,1,0,0,1,0,0,1,1,0,0,0,0,0,2,0,0,1,0,0,0,0,0,1,0,0,0,0,0,1,0,27,0,0,0,0,0,3,0,0,0,0,0,0,0,0,0,0,0,0,0,14,0,1,0,0,0,0,0,0,0,0,0,0,0,0,1,0,0,0,0,0,0,0,35,0,0,0,0,0,0,0,0,0,0,0,0,0,0,575,0,0,0,1,0,4,0,0,0,0,0,0,0,0,0,0,0,0,0,0,0,0,0,0,0,0,0,0,0,0,0,0,0,0,0,0,0
"13",0,0,0,0,0,0,0,0,2,0,0,0,0,0,0,0,0,2,0,0,2,0,0,0,0,0,0,0,0,0,0,0,0,1,0,0,0,10,0,0,0,0,0,0,0,0,0,23,1,0,0,0,0,0,0,0,0,1,0,0,0,0,0,0,0,0,0,20,0,2,0,0,0,0,1,0,0,0,0,0,0,0,0,0,0,0,0,0,0,0,0,0,0,0,0,0,0,0,0,0,0,0,0,0,0,393,0,0,0,0,5,3,0,5,0,0,0,0,0,0,0,0,0,5,0,0,0,0,0,0,1,0,0,0,0,0,0,0,0,0,0,0,0
"14",0,1,0,0,0,0,0,0,5,0,1,0,0,0,0,0,0,2,0,0,0,0,2,0,0,0,0,0,0,0,2,0,0,1,1,0,0,0,0,1,0,0,0,0,0,2,0,45,0,0,0,1,0,0,0,0,0,0,0,0,0,0,0,0,0,0,0,3,0,3,0,0,0,0,0,0,0,0,0,0,0,0,0,0,0,0,0,0,0,0,13,0,0,0,0,0,0,0,0,0,0,0,0,0,0,450,0,0,0,0,3,2,0,2,0,0,0,0,0,0,0,0,2,3,7,0,0,0,0,0,0,0,0,0,0,0,0,0,0,0,0,0,0
"15",0,0,0,0,0,0,0,0,5,0,1,0,0,0,0,0,0,3,0,0,0,0,0,0,0,0,0,0,0,0,0,0,0,0,0,0,0,5,0,0,0,0,0,0,0,0,0,19,0,0,0,0,0,0,0,0,0,0,0,0,0,0,0,0,0,0,0,15,0,2,0,0,0,0,0,0,0,0,0,0,0,0,0,0,0,0,0,0,0,0,0,0,0,9,5,0,0,0,1,0,0,0,0,0,0,375,0,0,0,0,0,0,0,1,0,0,0,0,0,0,0,0,3,7,0,0,0,0,0,0,0,0,0,0,0,0,0,0,0,0,0,0,0
"16",0,0,0,0,0,0,0,0,2,0,1,0,0,0,0,0,0,2,0,0,0,0,0,0,0,0,0,0,0,0,1,0,0,0,0,0,0,0,0,0,0,0,0,0,0,0,0,17,0,0,0,1,0,0,0,0,0,0,0,0,0,0,0,0,0,0,0,16,0,4,0,0,0,0,0,0,0,0,0,0,0,0,0,0,0,0,0,0,0,0,0,0,0,5,0,0,0,0,0,0,0,0,0,0,0,420,0,0,0,0,0,0,0,0,0,0,0,0,0,1,0,0,1,5,1,0,0,0,0,0,0,0,0,0,0,0,0,0,0,0,0,0,0
"17",0,0,0,0,0,0,0,0,4,0,5,0,0,0,0,0,0,5,0,0,0,0,0,0,0,0,0,0,0,0,0,0,0,0,0,0,0,0,0,0,0,0,0,0,0,3,0,40,0,0,0,0,0,0,0,0,0,0,0,0,0,0,0,0,0,0,0,3,0,1,0,0,0,0,0,0,0,0,0,0,0,1,0,0,0,1,0,0,0,0,0,0,0,0,0,0,0,0,0,0,0,0,0,0,0,501,0,0,0,0,0,0,0,0,0,0,0,0,0,0,3,0,1,8,2,0,0,0,0,0,0,0,0,0,0,0,0,0,5,0,0,0,0
"18",0,0,0,0,0,0,0,0,11,0,0,0,0,0,0,0,0,5,0,0,0,0,0,0,0,0,0,0,0,0,1,0,0,6,0,0,0,1,0,0,0,0,0,0,0,0,0,41,0,0,0,0,0,0,0,0,0,0,0,0,0,0,0,0,0,0,0,0,0,1,0,0,0,0,0,0,0,0,0,0,0,0,0,0,0,1,0,0,0,0,0,0,0,0,0,0,2,0,0,0,0,0,0,0,0,500,0,0,0,1,0,3,1,1,0,0,0,0,0,0,1,0,1,0,11,0,0,0,0,0,0,0,0,0,0,0,0,0,0,0,0,0,0
"19",0,0,0,0,0,0,0,0,3,0,0,0,0,0,0,0,0,10,0,0,0,0,0,1,0,0,0,0,0,0,0,0,0,0,0,0,0,0,0,0,0,0,0,0,0,0,0,25,0,0,0,0,0,0,0,0,0,0,0,0,0,0,0,0,0,0,0,30,0,1,0,0,0,0,0,0,0,0,0,0,0,5,0,0,0,0,0,0,0,0,0,0,0,15,0,0,0,0,0,0,0,0,0,0,0,383,0,0,0,0,5,0,0,0,0,0,0,0,0,0,0,0,1,7,0,0,0,0,0,0,0,0,0,0,0,0,0,0,0,0,0,0,0
"20",0,0,0,0,0,0,0,0,14,0,0,0,0,0,0,0,0,0,0,0,0,0,0,0,0,0,0,0,0,0,2,0,0,2,0,0,0,1,0,0,0,0,0,0,0,0,0,20,0,0,0,1,0,0,0,0,0,0,0,0,0,0,0,0,0,0,0,12,0,1,0,0,0,0,0,0,0,0,0,0,0,0,0,0,0,0,0,0,0,0,0,0,0,0,0,0,3,0,0,0,0,2,0,0,1,405,0,0,0,0,0,2,1,0,0,0,0,0,0,0,3,0,4,0,1,0,0,0,0,0,0,0,0,0,0,0,0,0,0,0,0,0,0
"21",0,0,0,0,0,0,0,1,27,0,2,0,0,0,0,0,0,2,0,0,2,0,0,0,0,0,0,0,0,0,0,0,0,12,0,0,0,3,0,0,0,2,0,0,0,2,0,30,0,0,0,1,1,0,0,0,0,0,0,0,0,0,0,0,0,0,0,11,0,3,1,0,0,0,0,0,0,0,0,0,0,0,0,0,0,5,0,0,0,0,1,0,0,0,3,0,0,0,2,0,0,15,0,0,2,250,7,0,0,3,0,3,0,0,0,0,0,0,0,0,0,0,6,3,3,0,0,0,0,0,0,0,0,0,0,0,0,0,0,0,0,0,0
"22",0,0,0,0,0,0,0,11,24,0,0,0,0,0,0,0,0,2,0,0,3,0,2,0,0,0,0,0,0,0,2,0,0,2,3,0,0,10,0,0,0,0,0,0,0,0,2,14,5,0,0,1,0,0,0,0,0,0,0,0,0,0,0,0,0,0,0,10,0,7,0,0,0,0,0,0,0,0,0,0,0,0,3,0,0,0,0,0,0,0,0,0,0,13,31,0,0,0,3,0,0,0,0,0,0,387,7,0,0,5,0,0,0,0,0,0,0,0,13,3,0,0,16,4,9,0,0,0,0,0,1,0,0,0,1,0,2,1,0,0,0,0,0
"23",3,0,0,0,0,0,0,3,27,0,0,0,0,0,0,0,0,3,0,0,2,0,0,0,0,0,0,0,0,0,5,0,0,3,2,0,0,12,0,0,0,0,2,0,0,0,0,13,7,0,0,0,0,0,0,0,0,0,0,0,0,0,0,0,0,0,0,0,0,9,0,0,0,0,3,0,0,0,0,0,4,0,0,0,0,0,0,0,0,0,1,0,0,11,17,0,0,0,3,0,0,0,0,0,0,383,10,0,0,8,0,0,0,0,3,0,0,0,13,9,0,1,9,14,0,0,0,0,0,0,7,0,0,8,3,0,2,0,0,0,0,0,0
"24",0,0,0,0,0,0,0,1,25,0,3,0,0,0,0,0,0,13,0,0,3,0,0,0,0,0,0,0,0,0,5,0,0,10,10,0,0,8,0,0,0,0,2,0,0,0,0,23,2,0,0,0,0,0,0,0,0,0,0,0,0,0,0,0,0,0,0,7,0,9,2,0,1,0,0,0,0,0,0,0,0,0,0,0,1,4,0,0,0,0,0,0,0,10,25,0,0,0,5,0,0,0,0,0,0,300,20,0,0,1,0,0,0,0,0,1,0,0,20,1,3,0,7,0,17,0,0,0,0,0,5,0,0,0,3,0,0,0,0,0,0,0,0
"25",1,0,0,0,0,0,0,0,23,0,0,0,0,0,0,0,0,11,0,0,0,0,0,3,0,0,0,0,0,0,0,0,0,10,0,0,0,3,0,0,0,0,0,0,0,2,0,38,0,2,3,4,0,0,0,0,0,0,0,0,0,0,0,0,0,0,0,2,0,2,0,0,0,0,0,0,0,0,0,0,0,0,0,0,0,0,0,0,0,0,0,1,0,1,3,0,0,0,0,0,0,2,0,0,0,260,1,0,0,2,0,7,0,0,0,0,0,0,1,7,3,1,6,0,7,0,0,0,0,0,0,0,0,5,0,0,0,0,0,0,0,0,0
"26",0,0,0,0,0,0,0,1,21,0,0,0,0,0,0,0,0,1,0,0,0,0,0,0,0,0,0,1,0,0,4,0,0,11,1,0,0,9,0,0,0,0,2,0,0,0,0,37,4,1,0,0,0,0,0,0,0,0,0,0,0,0,0,0,0,0,0,9,0,3,1,0,0,0,0,0,0,0,0,0,0,0,1,0,0,3,0,0,0,0,0,0,0,0,4,0,0,0,1,0,0,0,0,0,0,326,6,0,0,0,5,0,0,2,0,0,0,0,17,0,0,0,12,5,1,0,0,0,0,0,7,0,0,0,2,0,0,0,0,0,0,0,0
"27",0,0,0,0,0,0,0,0,25,0,0,0,0,0,0,0,0,5,0,0,2,0,0,3,0,0,0,0,0,0,1,0,0,7,0,0,0,6,0,0,0,0,0,0,0,5,0,25,0,0,1,0,0,0,0,0,0,0,0,0,0,0,0,0,0,0,0,2,0,1,1,0,0,0,0,0,0,0,0,0,0,0,0,0,0,0,0,0,0,0,5,0,0,0,0,0,0,0,4,0,0,0,0,7,0,250,3,0,0,2,0,7,0,0,0,0,0,0,11,2,1,0,12,0,6,0,0,0,0,0,0,0,0,0,5,0,1,0,0,0,0,0,0
"28",0,0,0,0,0,0,0,0,34,0,0,0,0,0,0,0,0,4,0,0,3,0,0,6,0,0,1,0,0,0,0,0,0,20,0,0,0,5,0,0,0,0,0,0,0,5,0,25,0,0,5,0,0,0,0,0,0,0,0,0,0,0,0,0,0,0,0,16,0,5,0,0,0,2,0,0,0,0,0,0,0,4,0,0,0,2,0,0,0,0,1,0,0,0,6,0,0,0,0,0,0,0,0,0,0,391,3,0,0,12,0,13,0,0,0,0,0,0,1,11,1,0,18,0,0,0,0,0,0,0,0,0,0,0,7,0,0,0,0,0,0,0,0
"29",0,0,0,0,0,0,0,3,18,0,0,0,0,0,0,1,0,3,0,0,0,0,0,0,0,0,0,0,0,0,0,0,0,8,0,0,0,2,0,8,0,0,0,0,0,0,0,7,3,0,0,0,1,0,0,0,0,2,0,0,0,0,0,0,0,0,0,9,0,2,1,0,0,0,1,0,0,0,0,0,0,0,0,0,0,0,0,0,0,0,0,0,0,0,12,0,0,0,0,0,0,0,0,0,0,340,1,0,0,6,0,0,0,0,0,0,0,0,0,1,1,0,7,10,7,0,0,0,0,0,7,0,0,6,8,0,0,0,0,0,0,0,1
"30",0,0,0,2,0,0,0,0,14,0,0,0,0,0,0,0,0,2,0,0,0,0,0,2,0,0,0,0,0,0,0,0,0,4,0,0,0,0,0,0,0,0,0,0,0,2,0,28,0,0,10,6,0,0,0,0,0,0,0,0,0,0,0,0,0,0,0,8,0,5,0,0,0,0,1,0,0,0,0,0,0,0,0,0,0,0,0,0,0,0,4,0,0,3,4,0,0,0,0,0,0,0,0,0,0,325,1,0,0,1,0,18,0,0,0,0,0,0,0,5,3,0,5,5,0,0,0,0,0,0,0,0,0,0,12,0,0,0,0,0,0,0,0
"31",0,0,0,0,0,0,0,1,7,0,2,0,0,0,0,0,0,11,0,0,0,0,0,0,0,0,0,0,0,0,0,0,0,9,0,0,0,2,0,0,0,0,0,0,0,0,0,15,4,0,0,0,0,0,0,0,0,0,0,0,0,0,0,0,0,0,0,1,2,1,0,0,0,0,1,0,0,0,0,0,0,1,0,0,0,4,0,0,0,0,0,0,0,0,8,0,0,0,2,0,0,0,0,0,0,341,3,0,0,1,0,0,0,0,0,0,0,0,0,1,1,0,8,14,5,0,0,0,0,0,3,0,0,0,4,0,0,0,0,0,0,0,1
"32",0,0,0,0,0,0,0,0,8,0,0,0,0,0,0,0,0,4,0,0,2,0,0,1,0,0,0,0,0,0,0,0,0,3,0,0,0,5,0,0,0,0,0,0,0,1,0,48,0,0,0,3,0,0,0,0,0,0,0,0,0,0,0,0,0,0,0,11,0,4,0,0,1,0,0,0,0,0,0,0,0,0,0,0,0,0,0,0,0,0,11,0,0,1,2,0,0,0,0,0,0,0,0,0,0,360,0,0,0,1,0,15,0,0,0,0,0,0,0,1,1,0,2,8,0,0,1,0,0,0,0,0,0,1,11,0,0,0,0,0,0,0,0
"33",4,0,0,0,0,0,0,1,13,0,0,0,0,0,0,0,0,3,0,0,2,0,0,2,0,0,0,0,0,0,4,0,0,15,0,0,0,1,0,0,0,0,0,0,0,2,0,25,0,0,0,0,0,0,0,0,0,0,0,0,0,0,0,0,0,0,0,5,0,4,0,0,0,0,0,0,0,0,0,0,0,3,0,0,0,0,0,0,0,0,8,0,0,0,0,0,0,0,4,0,0,0,0,0,0,382,1,0,0,1,0,0,0,0,0,0,0,0,0,0,4,0,1,17,4,0,0,0,0,0,0,0,0,0,0,0,0,0,0,0,0,0,0
"34",0,0,0,0,0,0,0,0,2,0,0,0,0,0,0,0,0,1,0,0,1,0,0,0,0,0,1,0,0,0,1,0,0,0,0,0,0,2,4,0,0,0,0,0,0,0,0,27,0,0,0,0,0,0,0,0,0,0,0,0,0,0,0,0,0,0,0,2,2,1,0,0,0,0,0,0,0,0,0,0,0,0,3,0,0,0,0,0,8,0,21,0,0,0,3,0,0,0,0,0,0,0,0,0,0,354,0,0,0,0,0,0,0,4,0,0,0,0,0,0,0,0,1,11,1,0,0,0,0,1,2,0,0,0,8,0,0,0,0,0,0,0,0
"35",0,0,0,0,0,0,0,1,5,0,0,0,0,0,0,0,0,4,0,0,0,0,0,2,0,0,0,0,0,0,1,0,0,0,0,0,0,3,0,0,0,0,0,0,0,1,0,19,0,0,2,0,0,0,0,0,0,0,0,4,0,0,0,0,0,0,0,0,0,4,0,0,0,0,2,0,0,0,0,0,0,0,0,0,0,0,0,0,0,0,109,0,0,0,0,0,0,0,3,0,0,0,0,0,0,353,0,0,0,1,0,11,0,0,0,0,0,0,0,1,2,0,4,0,0,0,0,0,0,0,0,0,1,0,2,0,0,0,0,0,0,0,0
"36",0,0,0,0,0,0,0,0,6,0,0,0,0,0,0,0,0,7,0,0,0,0,0,0,0,0,0,0,0,0,0,0,0,15,0,0,0,0,0,0,0,0,0,0,0,0,0,46,0,0,0,0,0,0,0,0,0,3,0,0,0,0,0,0,0,0,0,0,0,3,0,0,0,0,1,0,0,0,0,0,0,6,0,0,0,0,0,0,0,0,1,0,0,0,0,0,0,0,0,0,0,7,0,0,0,287,5,0,0,0,0,11,2,0,0,0,0,0,0,0,5,0,3,0,0,0,0,0,0,0,0,0,1,0,0,0,0,0,0,0,0,0,0
"37",0,0,0,0,0,0,0,0,6,0,0,0,0,0,0,0,0,2,0,0,2,0,0,0,0,0,0,0,0,0,0,0,0,8,0,0,0,3,0,0,0,0,0,0,0,0,0,29,0,0,0,0,0,0,0,0,0,1,0,0,0,0,0,0,0,0,0,3,0,3,0,0,0,0,0,0,0,0,0,0,0,0,4,0,0,0,0,0,0,0,0,0,0,0,0,0,0,0,0,0,0,0,0,0,0,446,0,0,0,0,0,0,0,0,0,0,0,0,0,1,0,0,4,10,1,0,0,0,0,0,2,0,0,0,0,0,0,0,0,0,0,0,0
"38",0,0,0,0,0,0,0,0,13,0,1,0,0,0,0,0,0,2,0,0,0,0,0,1,0,0,0,0,0,0,2,0,0,1,1,0,0,1,0,0,0,0,0,0,0,4,0,47,0,0,0,0,0,0,0,2,0,1,0,0,0,0,0,0,0,0,0,0,0,4,0,0,0,0,2,0,0,0,0,0,0,0,0,0,0,0,0,0,0,0,6,0,0,0,2,0,0,0,0,0,0,0,0,0,0,326,0,0,0,0,0,5,0,0,0,0,0,0,0,0,8,0,1,2,0,0,0,0,0,0,0,0,0,0,4,0,0,0,0,0,0,0,0
"39",0,0,0,0,0,0,0,0,4,1,0,0,0,0,0,1,0,8,0,0,2,0,2,0,0,0,0,0,0,0,0,0,0,9,0,0,0,0,0,0,1,0,0,0,0,0,0,22,3,0,0,0,0,0,0,0,0,0,0,0,0,0,0,0,0,0,0,0,0,2,0,0,0,0,0,0,0,0,0,1,0,0,2,0,0,0,0,0,0,0,0,0,0,0,0,0,0,0,0,0,0,0,0,0,0,380,0,0,0,1,0,0,1,0,0,0,0,0,2,1,1,0,4,25,0,0,0,0,0,0,3,0,0,0,0,0,0,0,0,0,0,0,0
"40",0,0,0,0,0,0,0,0,6,0,0,0,0,0,0,2,0,1,0,0,0,0,0,0,0,0,0,0,0,0,4,0,0,9,0,0,0,0,0,0,1,0,0,0,0,0,0,26,0,0,1,0,0,0,0,0,0,0,0,0,0,0,0,0,0,0,0,0,0,3,0,0,0,0,2,0,0,0,0,0,0,3,0,0,0,0,0,0,9,0,0,0,0,0,2,0,0,0,0,0,0,0,0,0,0,342,0,4,0,4,0,0,0,2,0,0,0,0,3,1,0,0,3,9,0,0,0,0,0,0,2,0,0,0,0,0,0,0,0,1,0,0,0
"41",0,0,0,0,0,0,0,0,13,0,1,0,0,0,0,0,0,5,0,0,0,0,0,0,0,0,0,0,0,0,1,0,0,11,0,0,0,0,0,0,0,0,0,0,0,0,0,17,0,1,0,0,0,0,0,0,0,0,0,0,0,0,0,0,0,0,0,0,0,0,0,0,0,0,1,0,0,0,0,0,0,0,0,0,0,0,0,0,0,0,0,0,0,0,13,0,0,0,0,0,0,0,0,0,0,419,0,1,0,4,0,0,0,0,0,0,0,0,3,0,0,0,0,4,7,0,0,0,0,0,0,0,0,1,2,0,0,0,0,0,0,0,0
"42",0,0,0,0,0,0,0,0,1,0,1,0,0,0,0,0,0,4,0,0,1,0,0,0,0,0,0,0,0,0,1,0,0,4,2,0,0,1,0,0,0,0,0,0,0,4,0,39,0,0,0,0,0,0,5,0,0,0,0,2,0,0,0,0,0,0,0,4,0,4,3,0,0,0,1,0,0,0,0,0,0,0,0,0,0,0,0,0,0,0,0,0,0,0,1,0,0,0,6,0,0,0,0,0,0,400,0,0,0,0,0,0,3,0,0,0,0,0,0,0,3,0,0,4,6,0,0,0,0,0,1,0,0,0,4,0,0,0,0,0,0,0,0
"43",0,0,0,0,0,0,0,2,11,0,2,0,0,0,0,0,0,7,0,0,1,0,0,0,0,0,0,0,0,0,0,0,0,0,4,0,0,3,0,0,0,0,0,0,0,5,0,16,0,0,0,0,5,0,0,0,0,0,0,0,0,0,0,0,0,0,0,1,0,4,0,0,0,0,4,0,0,0,0,0,0,0,0,0,0,0,0,0,0,0,0,0,0,0,5,0,0,0,11,0,0,0,0,0,0,316,1,0,0,1,0,0,0,0,0,0,0,0,0,3,4,0,1,4,0,0,0,0,0,0,3,0,0,2,3,0,0,0,0,0,0,0,0
"44",0,0,0,1,0,0,0,0,8,0,0,0,0,0,0,0,0,3,0,0,0,0,0,0,0,0,0,0,0,0,0,0,0,9,0,0,0,6,0,0,0,0,0,0,0,0,1,4,0,0,0,0,0,0,0,0,0,0,0,0,0,0,0,0,0,0,0,0,0,2,0,0,0,1,0,0,0,0,0,0,0,0,3,0,0,0,0,0,0,0,0,0,0,0,7,0,0,0,1,0,0,0,0,0,0,320,0,1,0,5,0,0,0,0,0,0,0,0,3,1,0,0,2,30,1,0,0,0,0,0,0,0,0,5,0,0,0,0,0,0,0,0,0
"45",0,0,0,0,0,0,0,2,10,0,0,0,0,0,0,0,0,5,0,0,2,0,0,1,0,0,1,0,0,0,0,0,0,7,2,0,0,4,0,1,0,0,0,0,0,6,0,22,0,1,0,0,5,0,0,0,0,0,0,0,0,0,0,0,0,0,0,2,1,3,1,0,0,0,0,0,0,0,0,0,0,0,0,0,0,0,0,0,0,0,0,0,0,0,3,0,0,0,0,0,0,0,0,0,0,247,0,0,0,2,0,12,0,0,0,0,0,0,0,0,3,0,7,0,0,0,2,0,0,0,4,0,1,0,7,0,0,0,0,0,0,0,0
"46",0,0,0,0,0,0,0,0,15,0,0,0,0,0,0,0,0,3,0,0,1,0,0,0,0,0,0,0,0,0,0,0,0,7,2,0,0,7,0,0,0,0,0,0,0,0,0,2,2,1,0,0,0,3,0,0,0,0,0,0,0,0,0,0,0,0,0,2,0,5,0,0,0,0,0,0,1,0,0,0,0,0,6,0,0,0,0,0,0,0,0,0,0,0,23,0,0,0,0,0,0,0,0,0,0,316,1,3,0,2,0,0,1,0,0,0,0,0,2,2,0,0,10,10,7,0,0,0,0,0,2,0,0,2,0,0,0,0,0,0,0,0,1
"47",0,0,0,0,0,0,0,0,11,2,0,0,0,0,0,0,0,4,0,0,2,0,0,1,0,0,0,0,0,0,0,0,0,12,0,0,0,0,1,0,0,0,0,0,0,0,0,4,1,0,0,0,0,2,0,0,0,0,0,0,0,0,0,0,0,0,0,0,0,0,0,0,0,0,0,0,0,0,0,0,0,0,2,0,0,0,0,0,0,0,0,0,0,0,14,0,0,0,0,0,0,0,0,0,0,295,4,0,0,1,0,0,0,0,0,0,0,0,3,1,1,0,7,17,4,0,0,0,0,0,2,0,0,1,2,0,0,0,0,0,0,0,0
"48",0,0,0,0,0,0,0,0,42,0,6,0,0,0,0,0,0,6,0,0,2,0,0,4,0,0,0,0,0,0,0,0,0,2,0,0,0,6,0,0,0,2,0,0,0,10,0,32,0,8,0,0,0,0,0,0,0,2,0,0,0,0,0,0,0,0,0,0,0,0,0,0,0,0,0,0,0,0,0,0,0,0,0,0,0,0,0,0,0,0,0,0,0,0,8,0,0,0,10,0,0,0,0,0,0,240,0,0,0,8,0,18,0,12,0,0,0,0,0,8,6,0,6,0,0,0,0,0,0,0,6,0,0,4,0,0,0,0,0,0,0,0,0
"49",0,0,0,1,0,0,0,2,23,0,0,0,0,0,0,0,0,6,0,0,3,0,0,0,0,0,0,0,0,0,0,0,0,24,8,0,0,3,0,0,0,0,0,0,0,0,0,11,0,1,0,0,0,1,0,0,0,1,0,0,0,0,0,0,0,0,0,0,3,1,0,0,0,0,3,0,0,0,0,0,0,3,9,0,0,0,0,0,0,0,0,0,0,1,11,0,0,0,0,0,0,0,0,0,1,221,5,2,0,2,0,0,0,0,0,0,0,0,3,4,1,0,4,33,9,0,0,0,0,0,1,0,0,2,2,0,0,0,0,0,0,0,1
"50",0,0,0,0,0,0,0,3,27,1,0,0,1,0,0,0,0,10,0,0,1,0,0,0,0,0,0,0,0,0,0,0,1,23,2,0,0,4,0,0,0,0,0,0,0,0,0,15,0,1,0,0,0,2,0,0,0,0,0,0,0,0,0,0,0,0,0,2,0,1,1,0,0,0,0,0,0,0,0,0,0,0,14,0,1,0,0,0,0,0,7,0,0,0,24,0,0,0,1,0,0,0,0,0,0,195,11,0,0,1,0,0,0,1,0,0,0,0,1,5,1,0,10,14,2,0,0,0,0,0,5,0,0,1,0,0,0,0,0,0,0,3,0
"51",0,0,0,0,0,0,0,1,29,0,0,0,0,0,0,0,0,12,0,0,2,0,0,0,0,0,0,0,0,0,0,0,1,5,0,0,0,6,0,0,0,0,0,0,0,0,0,14,2,0,0,1,0,0,0,0,0,0,1,1,0,0,0,0,0,0,0,0,6,2,0,0,0,0,0,0,0,0,0,0,0,12,8,0,1,0,0,0,1,0,0,0,0,0,31,0,0,0,0,0,0,0,0,0,0,187,23,0,0,1,0,0,0,0,0,0,0,0,0,6,5,0,10,19,3,0,0,0,0,0,4,0,0,6,11,0,1,0,0,0,0,1,0
"52",0,0,0,0,0,0,0,0,25,0,0,0,0,0,0,0,0,11,0,0,4,0,0,5,0,0,0,0,1,0,0,0,3,20,2,0,0,13,0,0,0,1,2,1,0,0,0,19,2,0,0,2,0,0,0,0,0,0,0,0,0,0,0,0,0,0,0,4,5,5,0,0,2,0,2,0,0,0,0,0,0,7,10,0,0,0,0,0,0,0,0,0,0,0,32,0,0,0,4,0,0,0,0,0,0,123,13,5,0,6,0,6,0,3,0,0,0,0,0,2,3,0,16,30,0,0,0,0,0,0,2,0,0,3,13,0,6,0,0,1,0,0,0
"53",0,0,0,0,2,0,0,0,33,0,0,0,0,0,0,0,0,15,0,0,3,0,0,1,0,0,2,0,0,0,3,0,0,13,4,0,0,13,0,0,0,0,1,0,0,0,0,7,3,1,0,0,0,1,0,0,0,0,0,0,0,0,0,0,0,0,0,0,0,3,1,0,2,0,0,0,0,0,0,0,0,7,9,0,0,0,0,0,0,0,0,0,0,0,30,0,0,0,3,0,0,0,0,0,0,155,25,0,0,10,0,0,0,1,0,1,0,0,0,2,3,0,4,9,5,0,0,0,0,0,1,0,0,4,11,0,0,0,0,0,0,0,0
"54",0,0,0,0,0,0,0,0,31,0,0,0,0,0,0,0,0,15,0,0,0,0,0,2,2,0,0,0,0,0,3,4,0,10,0,0,0,5,0,0,0,1,2,0,0,0,0,14,4,3,0,0,0,0,0,0,0,1,0,0,0,0,0,0,1,0,0,2,0,6,3,0,0,0,1,0,0,0,0,0,0,4,5,0,0,0,0,0,0,0,0,0,0,0,49,0,0,0,2,0,0,0,0,0,0,145,19,0,0,7,0,0,0,3,0,1,0,0,0,3,6,0,0,16,6,0,0,0,0,2,2,0,0,0,12,0,1,0,0,0,0,0,3
"55",0,0,0,0,0,0,0,1,43,0,0,0,0,1,0,0,0,12,0,0,0,0,0,0,0,0,0,0,0,0,0,4,0,2,0,1,0,0,6,0,0,0,0,0,0,0,0,8,1,2,0,0,0,0,0,0,0,0,0,0,0,0,0,0,0,0,0,2,1,1,0,0,0,0,4,0,0,0,0,0,0,8,5,0,0,0,0,0,0,0,0,0,0,3,17,0,0,0,0,0,0,0,0,0,0,183,14,3,0,0,0,0,3,8,0,0,2,0,1,2,0,1,7,13,13,0,0,0,0,0,0,0,0,5,14,0,2,0,0,0,0,0,0
"56",0,0,0,0,0,0,0,0,30,0,0,0,0,0,0,0,0,7,0,0,3,0,0,0,0,0,2,0,0,0,0,0,0,3,0,0,0,5,0,0,0,2,0,0,0,0,0,8,2,0,0,0,1,0,0,0,0,0,0,1,0,3,0,0,0,0,0,0,0,5,0,0,0,1,0,0,0,0,0,0,0,2,0,0,0,0,0,0,0,0,1,0,0,0,16,0,9,0,0,0,0,0,0,0,0,165,2,3,0,1,0,0,2,14,0,0,2,0,8,6,0,0,13,23,4,0,0,0,0,0,4,0,0,8,5,0,2,0,0,0,0,0,0
"57",3,0,0,1,0,0,0,0,41,0,1,0,0,0,0,0,0,8,0,0,3,0,0,0,0,0,0,0,0,0,0,0,0,4,6,0,0,0,0,0,0,0,0,1,0,0,0,12,2,0,0,0,0,0,0,0,0,0,0,3,0,0,0,0,0,2,0,0,0,9,0,0,0,0,0,0,0,0,0,0,0,3,4,0,0,0,0,0,0,0,0,0,0,0,18,0,0,0,0,0,0,0,0,0,0,172,9,4,0,0,0,0,1,5,0,0,2,0,14,5,0,0,3,29,12,0,0,0,0,0,5,0,0,6,6,0,0,0,0,0,0,0,0
"58",0,0,0,0,0,0,0,6,41,0,1,0,0,0,0,0,0,7,0,0,2,0,0,0,0,0,0,0,0,2,0,0,0,0,3,0,0,3,0,0,0,0,3,1,0,0,0,16,1,2,0,0,1,0,0,0,0,0,0,3,0,0,1,0,0,0,0,0,0,8,0,0,0,0,0,0,0,0,0,0,0,10,3,0,0,0,0,0,0,0,0,0,0,0,19,0,0,0,2,0,0,0,0,0,0,195,10,5,0,1,0,0,0,12,0,0,0,2,12,5,0,0,4,10,11,0,0,0,0,0,4,1,0,1,7,0,0,0,0,0,0,0,0
"59",0,0,0,1,0,0,0,1,24,0,0,0,0,0,0,0,0,3,0,0,0,0,0,0,0,1,0,0,0,0,5,0,0,0,4,0,0,4,0,0,0,0,0,0,0,0,0,0,0,0,0,2,0,0,1,0,0,0,0,1,0,0,0,0,0,0,0,0,0,7,1,0,0,0,0,0,0,0,0,0,0,3,3,0,0,0,0,0,0,0,0,2,0,0,15,0,0,1,0,0,0,3,1,1,0,220,8,0,0,3,0,0,0,0,0,0,0,0,23,3,0,0,1,19,5,0,0,0,0,0,1,0,0,3,0,0,1,0,0,0,1,0,2
"60",0,0,0,0,0,0,0,2,23,0,0,0,0,0,0,0,0,2,0,0,5,0,0,0,0,0,0,2,0,0,2,0,0,0,1,0,1,2,0,0,0,0,0,0,0,0,0,15,0,3,0,1,3,0,0,0,0,0,0,0,0,0,0,0,0,0,0,0,0,8,0,0,0,0,0,0,0,0,0,3,0,3,4,0,0,0,0,0,0,0,0,0,0,0,14,0,0,0,2,0,0,0,0,0,0,201,10,0,1,5,0,0,0,3,0,0,0,1,13,5,0,0,8,9,6,0,0,0,0,0,5,0,0,3,7,0,2,0,0,0,0,0,5
"61",0,0,0,0,0,0,0,0,46,0,0,0,0,0,0,0,0,9,2,0,0,0,0,0,0,0,0,0,0,0,1,0,0,1,2,0,0,4,0,0,0,0,0,1,0,0,0,5,0,0,0,0,0,0,0,0,0,0,0,0,0,0,0,0,0,0,0,0,0,4,0,0,0,3,0,0,0,0,0,0,0,8,0,2,0,0,0,0,0,0,0,0,0,0,12,0,0,0,0,0,0,0,0,0,0,290,11,3,0,7,0,0,0,0,0,0,0,0,21,5,0,0,12,6,1,0,0,0,0,0,4,0,0,2,6,0,3,0,0,0,0,0,10
"62",0,0,0,2,0,0,0,1,27,0,0,0,0,0,0,0,0,6,1,0,0,0,0,0,0,0,0,0,0,0,0,0,0,4,0,0,0,3,0,0,0,1,0,0,0,0,1,4,0,0,0,2,0,0,0,0,0,0,0,0,0,0,0,1,0,0,0,1,0,4,0,1,0,0,0,0,0,0,0,0,0,12,1,0,0,0,0,0,0,4,0,0,0,0,17,0,0,0,0,0,0,0,0,0,0,245,9,3,0,2,0,0,0,5,0,0,0,0,10,7,0,0,10,28,6,0,0,0,0,1,3,0,0,0,7,0,2,0,0,0,0,0,0
"63",0,0,1,0,0,0,0,0,33,0,1,0,0,0,1,0,0,18,0,0,0,0,0,0,1,0,0,0,0,0,0,0,0,0,4,0,0,4,0,0,0,1,0,0,0,0,0,4,0,0,0,4,0,0,0,0,1,0,0,1,0,0,0,0,0,1,0,0,0,10,0,0,0,0,0,0,0,0,0,0,0,5,4,0,0,0,0,1,0,0,0,0,0,0,15,4,0,0,1,0,0,0,0,0,0,232,7,2,0,4,0,0,0,14,0,0,0,0,21,5,0,0,10,22,3,0,0,0,0,0,6,0,0,11,14,0,5,0,0,0,0,0,2
"64",0,0,0,2,0,0,0,2,32,0,0,0,0,1,0,0,0,11,0,0,5,0,0,0,0,0,3,0,0,0,0,0,0,1,0,0,0,0,0,5,0,0,0,2,0,0,0,8,0,1,0,0,0,0,0,0,0,0,0,0,0,0,0,0,0,0,0,0,0,6,1,0,0,0,0,0,2,0,0,0,0,2,3,2,0,0,0,0,0,0,0,0,0,0,11,0,0,0,0,1,0,3,0,0,0,223,4,0,0,3,0,0,0,0,0,0,0,0,12,9,0,0,6,25,15,0,0,0,0,0,5,0,0,5,8,0,3,0,0,0,0,0,4
"65",0,0,0,0,0,0,2,0,28,0,0,0,0,0,0,0,0,7,0,0,2,0,0,0,0,0,0,0,0,0,0,0,0,0,2,0,0,1,0,0,0,0,1,0,0,0,0,3,1,0,0,2,0,0,0,0,0,0,0,0,0,0,0,0,0,0,0,0,0,5,0,0,0,0,0,0,0,0,0,5,0,0,0,0,0,0,1,1,0,0,0,0,0,0,13,0,0,0,3,0,0,0,4,4,0,175,12,0,0,1,0,0,0,0,0,0,0,1,15,0,0,0,6,35,13,0,0,0,0,0,3,0,0,8,3,0,1,0,0,0,0,0,9
"66",0,0,0,0,0,1,0,0,50,0,0,0,0,0,0,0,0,11,0,0,2,2,0,0,0,0,0,0,0,0,0,0,0,0,0,0,0,3,0,0,0,0,0,0,0,0,0,13,0,0,0,3,0,0,0,0,0,0,0,0,0,0,0,0,0,0,0,0,0,6,0,0,0,0,0,0,0,0,0,1,0,0,0,0,0,0,0,0,0,0,0,0,0,0,24,0,2,0,0,0,0,0,0,0,0,170,16,0,0,1,0,0,0,0,0,0,0,0,15,8,0,0,3,27,5,0,0,0,1,0,0,0,0,0,4,0,2,0,0,0,0,0,0
"67",0,0,0,1,0,0,0,0,39,0,0,0,0,0,0,7,2,12,0,1,9,0,0,1,0,0,0,0,0,0,0,0,1,7,7,0,0,0,0,0,0,1,3,0,0,0,4,13,0,0,0,0,0,0,0,1,0,2,0,3,0,0,0,0,0,0,0,0,0,13,2,0,0,0,2,1,0,0,0,0,0,0,6,0,0,0,0,2,0,0,0,0,0,0,21,0,0,0,0,0,0,5,0,0,0,175,15,1,0,4,0,0,0,0,0,0,0,0,16,7,0,0,4,16,6,0,0,0,0,0,2,0,1,5,10,0,0,0,0,0,0,0,6
"68",1,2,0,0,0,0,0,0,26,0,0,1,0,0,0,1,0,19,0,0,0,0,0,2,0,0,0,0,0,0,0,0,2,3,0,0,0,0,0,0,0,0,2,0,0,0,0,12,0,0,0,2,0,0,0,0,0,0,0,0,0,2,0,0,0,0,0,0,0,7,0,0,0,0,0,0,1,0,0,0,0,0,5,0,0,0,0,1,0,0,0,0,0,0,12,0,0,0,0,0,0,6,0,0,0,225,16,0,0,0,0,0,0,0,0,0,0,1,15,9,0,0,5,31,16,0,0,0,0,1,0,0,8,7,0,0,0,0,6,0,0,0,0
"69",0,0,0,0,0,0,0,0,27,0,0,0,0,0,0,0,0,15,0,0,0,0,0,0,0,0,0,0,0,0,0,0,3,0,0,0,0,0,0,1,0,0,0,1,0,0,0,8,0,1,0,3,0,0,1,3,0,0,0,0,4,0,0,0,0,0,1,0,0,9,0,0,0,0,0,0,0,1,3,6,0,6,3,0,0,0,0,0,0,0,0,0,0,0,14,0,0,0,7,0,1,4,1,0,0,208,0,0,0,0,0,0,0,1,0,0,0,0,17,4,0,0,13,40,3,0,0,0,0,2,4,0,0,5,0,0,0,0,1,0,0,0,0
"70",0,0,0,0,0,0,0,0,28,0,0,0,0,0,0,0,0,15,0,0,0,0,0,0,0,0,1,0,0,0,1,0,0,1,0,0,0,2,0,0,0,0,0,0,0,0,0,9,1,0,0,8,0,0,0,1,0,0,0,0,0,0,0,0,0,0,0,0,0,6,0,0,0,0,0,0,0,0,0,2,0,11,0,0,0,0,0,0,0,0,0,0,0,0,15,0,0,0,10,0,3,0,0,0,0,175,12,0,0,0,0,0,0,0,0,0,0,0,21,6,0,0,13,48,7,0,0,0,0,0,0,0,0,0,0,0,0,0,0,0,0,0,0
"71",0,0,0,0,0,12,0,0,0,0,0,0,1,1,0,0,0,0,0,0,0,0,0,0,0,0,8,0,1,0,16,0,0,0,0,72,5,0,0,0,0,0,0,0,0,0,1,4,0,0,2,0,0,1,1,0,0,0,0,0,0,0,0,0,1,0,0,1,0,0,0,1,0,2,374,0,0,0,0,0,1,0,0,0,0,1,0,4,0,3,9,0,0,0,0,0,0,0,0,0,0,0,0,0,0,0,0,0,0,0,0,0,0,0,0,0,0,0,0,0,0,0,0,0,0,0,0,0,0,0,0,0,0,0,0,0,0,0,0,0,0,0,0
"72",1,0,0,0,0,11,0,1,0,1,0,0,0,0,0,0,0,0,0,0,0,0,0,0,0,0,3,0,1,0,6,0,0,0,0,33,2,0,0,0,0,1,0,0,0,0,0,4,0,0,2,0,0,0,0,1,0,0,0,0,0,0,0,0,0,0,1,2,2,1,0,0,0,0,276,0,0,0,0,0,0,1,0,0,0,0,0,0,0,0,6,0,0,0,0,0,0,0,0,0,0,0,0,0,0,0,0,0,0,0,0,0,0,0,0,0,0,0,0,0,0,0,0,0,0,0,0,0,0,0,0,0,0,0,0,0,0,0,0,0,0,0,0
"73",2,0,0,0,0,17,0,0,1,0,0,0,0,1,2,0,0,0,0,0,0,0,0,0,0,0,7,0,0,0,8,0,0,0,0,58,1,0,0,0,0,2,2,0,0,0,4,1,0,0,0,1,0,0,0,3,0,0,1,1,1,0,0,0,1,0,1,2,0,0,0,1,0,0,383,0,0,1,0,0,0,1,0,0,0,0,0,3,0,3,16,5,0,0,0,0,0,0,0,0,0,0,0,0,0,0,0,0,0,0,0,0,0,0,0,0,0,0,0,0,0,0,0,0,0,0,0,0,0,0,0,0,0,0,0,0,0,0,0,0,0,0,0
"74",1,0,0,0,0,17,0,3,1,0,0,0,0,0,0,0,0,0,0,0,0,0,0,0,0,0,1,0,2,0,12,0,0,0,0,67,5,1,0,0,0,0,2,0,0,0,0,3,0,0,0,0,0,0,1,4,1,1,0,0,0,0,1,0,1,0,1,1,0,0,0,0,0,0,381,0,0,1,0,0,0,0,0,0,0,0,0,3,1,0,9,2,0,0,0,1,0,0,0,0,0,0,0,0,0,0,0,0,0,0,0,0,0,0,0,0,0,0,0,0,0,0,0,0,0,0,0,0,0,0,0,0,0,0,0,0,0,0,0,0,0,0,0
"75",1,1,0,0,0,9,0,0,1,0,0,0,0,0,0,1,0,0,0,0,0,0,0,0,1,0,4,0,1,0,10,0,0,0,0,58,4,0,0,0,1,1,0,0,0,0,0,2,0,0,1,0,0,0,1,1,0,0,0,0,0,0,0,2,0,0,0,1,0,0,0,0,0,0,400,0,0,0,0,0,0,0,0,0,0,0,0,4,1,0,14,3,0,0,0,0,0,0,0,0,0,0,0,0,0,0,0,0,0,0,0,0,0,0,0,0,0,0,0,0,0,0,0,0,0,0,0,0,0,0,0,0,0,0,0,0,0,0,0,0,0,0,0
"76",1,0,0,0,0,1,0,2,1,0,0,0,0,0,2,0,0,0,0,0,0,0,0,0,0,0,6,0,0,0,4,0,0,0,0,62,1,0,0,0,0,0,1,0,0,0,2,3,0,0,0,0,0,0,0,2,0,0,1,0,0,0,0,0,0,0,1,1,0,0,0,1,0,0,420,0,0,0,1,0,0,0,0,0,0,0,0,3,0,2,5,3,0,0,0,0,0,0,0,0,0,0,0,0,0,0,0,0,0,0,0,0,0,0,0,0,0,0,0,0,0,0,0,0,0,0,0,0,0,0,0,0,0,0,0,0,0,0,0,0,0,0,0
"77",1,0,0,0,0,6,0,4,0,0,0,0,0,0,0,0,0,0,0,0,0,1,0,0,0,1,4,0,0,0,10,0,0,0,0,52,2,0,0,0,0,0,1,0,0,0,1,3,0,0,0,2,0,0,0,4,0,0,0,0,0,0,1,0,1,0,0,0,0,0,0,0,0,0,410,0,0,0,0,0,0,1,0,0,0,0,0,3,1,4,16,2,0,0,0,0,0,0,0,0,0,0,0,0,0,0,0,0,0,0,0,0,0,0,0,0,0,0,0,0,0,0,0,0,0,0,0,0,0,0,0,0,0,0,0,0,0,0,0,0,0,0,0
"78",5,0,0,0,0,2,0,2,0,0,0,0,0,0,0,0,0,0,0,0,0,0,0,0,0,1,2,0,0,1,5,0,0,0,0,68,4,0,0,0,0,2,1,0,0,0,1,4,0,0,0,0,0,0,1,0,3,0,2,0,0,0,1,0,3,0,2,2,0,0,0,2,0,0,403,0,0,0,0,0,0,0,0,0,0,0,0,3,3,3,12,2,0,0,0,0,0,1,0,0,0,0,0,0,0,0,0,0,0,0,0,0,0,0,0,0,0,0,0,0,0,0,0,0,0,0,0,0,0,0,0,0,0,0,0,0,0,0,0,0,0,0,0
"79",3,0,0,0,0,7,0,0,0,0,0,1,0,0,0,0,0,0,0,0,0,1,0,0,0,0,1,1,0,0,9,0,0,0,0,61,6,0,0,0,0,1,1,0,0,0,0,6,1,0,0,0,0,0,0,5,1,0,0,0,0,0,0,0,7,0,3,1,2,0,0,0,0,0,396,0,0,0,0,0,0,0,0,0,0,0,0,1,2,1,21,2,0,0,0,0,0,0,0,0,0,0,0,0,0,0,0,0,0,0,0,0,0,0,0,0,0,0,0,0,0,0,0,0,0,0,0,0,0,0,0,0,0,0,0,0,0,0,0,0,0,0,0
"80",0,0,0,0,0,9,0,1,0,0,0,0,0,0,0,0,0,0,0,0,0,0,0,0,0,0,2,1,0,0,1,0,0,2,0,72,1,0,0,0,0,0,1,0,0,0,0,1,0,0,0,0,0,0,1,1,0,0,1,0,0,0,0,0,2,1,3,3,1,0,0,2,0,0,402,1,0,0,0,0,0,1,0,0,0,0,0,6,0,0,17,0,0,0,0,0,1,0,0,0,0,0,0,0,0,0,0,0,0,0,0,0,0,0,0,0,0,0,0,0,0,0,0,0,0,0,0,0,0,0,0,0,0,0,0,0,0,0,0,0,0,0,0
"81",0,0,0,0,0,13,0,0,0,0,0,0,0,0,1,0,0,0,0,0,0,0,0,0,0,0,1,0,0,0,4,0,0,1,0,39,1,0,2,0,0,0,3,0,0,0,0,1,0,0,0,0,0,0,0,1,1,0,0,0,0,0,0,0,3,0,1,0,0,0,0,1,0,0,419,0,0,0,0,0,0,1,0,0,0,0,0,4,0,1,19,0,0,0,0,0,0,0,0,0,0,0,0,0,0,0,0,0,0,0,0,0,0,0,0,0,0,0,0,0,0,0,0,0,0,0,0,0,0,0,0,0,0,0,0,0,0,0,0,0,0,0,0
"82",0,0,0,0,0,24,0,2,0,0,0,0,0,0,0,0,0,0,0,0,0,0,0,0,0,0,5,0,1,1,7,0,0,0,0,54,2,0,2,0,0,3,2,0,0,0,0,2,1,0,1,0,0,0,0,3,2,0,0,0,1,0,0,0,6,0,0,0,0,0,0,2,0,0,388,0,0,0,0,0,0,0,0,0,0,0,0,6,0,0,20,5,0,0,0,0,0,0,0,0,0,0,0,0,0,0,0,0,0,0,0,0,0,0,0,0,0,0,0,0,0,0,0,0,0,0,0,0,0,0,0,0,0,0,0,0,0,0,0,0,0,0,0
"83",0,0,0,0,0,14,0,0,0,0,0,0,0,0,0,0,0,0,0,0,0,0,0,0,0,0,4,0,0,0,2,0,0,0,0,52,3,0,0,0,0,1,0,0,0,0,1,4,0,0,2,0,0,0,0,4,0,0,0,0,0,0,1,0,2,0,0,0,0,0,0,0,0,0,420,1,0,0,0,0,0,0,0,0,0,0,0,1,3,0,14,2,0,0,0,1,0,0,0,0,0,0,0,0,0,0,0,0,0,0,0,0,0,0,0,0,0,0,0,0,0,0,0,0,0,0,0,0,0,0,0,0,0,0,0,0,0,0,0,0,0,0,0
"84",0,0,0,0,0,18,0,2,0,0,1,0,0,0,2,0,0,0,0,0,0,0,0,0,0,1,2,0,1,0,3,0,0,0,0,61,4,0,0,0,0,0,0,0,0,0,0,12,0,0,0,0,0,0,0,5,0,0,0,0,0,0,1,0,7,0,0,1,0,0,0,5,0,0,383,0,0,1,0,0,0,0,0,0,0,0,0,9,1,1,20,0,1,0,0,0,0,0,0,0,0,0,0,0,0,0,0,0,0,0,0,0,0,0,0,0,0,0,0,0,0,0,0,0,0,0,0,0,0,0,0,0,0,0,0,0,0,0,0,0,0,0,0
"85",0,0,0,0,0,29,0,2,0,0,0,0,0,0,1,0,0,0,0,0,0,0,0,0,1,0,1,0,2,0,6,0,0,0,0,81,6,0,0,0,0,0,1,0,0,0,0,9,0,0,0,0,0,0,0,2,0,0,0,0,0,0,1,0,8,0,0,1,4,0,0,3,0,0,351,0,0,0,0,0,0,1,0,0,0,0,0,7,0,0,13,0,1,0,0,0,1,0,0,0,0,0,0,0,0,0,0,0,0,0,0,0,0,0,0,0,0,0,0,0,0,0,0,0,0,0,0,0,0,0,0,0,0,0,0,0,0,0,0,0,0,0,0
"86",1,0,1,0,0,18,1,2,1,0,3,0,0,0,0,0,0,0,0,0,0,0,0,0,0,1,3,0,0,0,5,0,0,0,0,67,9,0,0,0,0,0,1,0,0,0,0,8,0,0,1,0,1,1,0,1,0,0,1,0,0,0,3,0,0,0,0,3,1,1,0,6,0,0,350,0,0,0,0,0,0,0,0,0,0,0,0,14,1,4,20,0,0,0,0,0,0,0,0,0,0,0,0,0,0,0,0,0,0,0,0,0,0,0,0,0,0,0,0,0,0,0,0,0,0,0,0,0,0,0,0,0,0,0,0,0,0,0,0,0,0,0,0
"87",0,0,0,0,0,39,0,2,0,0,0,0,0,0,1,0,0,0,0,0,0,0,0,0,0,1,1,0,0,0,0,0,0,0,0,76,0,0,1,0,0,0,0,0,0,0,0,7,0,0,0,0,0,0,1,2,0,0,0,0,0,0,5,0,3,1,0,0,4,0,0,2,0,0,368,0,0,0,0,0,0,0,1,0,0,0,0,11,0,1,7,0,0,0,0,0,1,0,0,0,0,0,0,0,0,0,0,0,0,0,0,0,0,0,0,0,0,0,0,0,0,0,0,0,0,0,0,0,0,0,0,0,0,0,0,0,0,0,0,0,0,0,0
"88",0,0,0,0,0,28,0,1,0,0,0,0,0,0,2,0,0,0,0,0,0,0,0,0,0,0,1,0,0,0,2,0,0,0,0,85,0,0,0,0,0,2,0,0,0,0,0,0,0,0,0,0,0,0,1,3,0,0,0,0,0,0,6,0,2,0,0,1,6,0,0,0,0,0,348,0,0,0,0,0,0,0,0,0,0,0,0,12,0,3,11,0,0,0,0,0,1,2,0,0,0,0,0,0,0,0,0,0,0,0,0,0,0,0,0,0,0,0,0,0,0,0,0,0,0,0,0,0,0,0,0,0,0,0,0,0,0,0,0,0,0,0,0
"89",0,1,0,0,0,24,0,5,0,0,0,0,0,0,0,0,0,0,0,0,0,0,0,0,1,2,1,0,4,0,3,0,0,0,0,85,0,0,0,0,0,1,0,0,0,0,0,9,0,0,0,0,0,2,0,4,0,0,1,0,0,0,3,0,3,0,0,1,5,0,0,0,0,0,356,0,0,0,0,0,0,0,0,0,0,0,0,17,0,3,11,0,0,0,0,3,1,0,0,0,0,0,0,0,0,0,0,0,0,0,0,0,0,0,0,0,0,0,0,0,0,0,0,0,0,0,0,0,0,0,0,0,0,0,0,0,0,0,0,0,0,0,0
"90",0,0,0,0,0,37,0,4,0,0,0,0,0,0,0,0,0,0,0,0,0,0,0,0,0,1,1,0,1,0,1,0,0,0,0,82,0,0,1,0,0,0,0,0,0,0,0,1,0,0,0,0,0,0,0,0,0,0,0,0,0,0,3,0,3,0,0,3,4,0,0,0,0,0,378,0,0,0,0,0,0,0,0,0,0,0,0,16,0,3,5,1,0,0,0,0,0,0,0,0,0,0,0,0,0,0,0,0,0,0,0,0,0,0,0,0,0,0,0,0,0,0,0,0,0,0,0,0,0,0,0,0,0,0,0,0,0,0,0,0,0,0,0
"91",0,0,0,0,0,23,0,1,0,0,4,0,0,0,2,0,0,0,0,0,0,0,0,0,0,0,1,0,2,0,1,0,0,0,0,91,0,0,0,0,0,0,0,0,0,0,0,3,0,0,0,0,0,0,0,3,0,0,0,0,0,0,4,0,2,1,0,1,5,0,0,0,0,0,354,0,0,0,0,0,0,0,0,0,0,0,0,10,0,6,5,0,0,0,0,0,0,0,0,0,0,0,0,0,0,0,0,0,0,0,0,0,0,0,0,0,0,0,0,0,0,0,0,0,0,0,0,0,0,0,0,0,0,0,0,0,0,0,0,0,0,0,0
"92",0,0,0,0,0,18,0,0,2,0,5,0,0,0,6,0,0,0,0,0,0,0,0,0,0,0,2,0,1,0,5,0,0,0,0,88,0,0,0,0,0,1,0,0,0,0,0,15,0,0,1,0,0,0,0,6,0,0,1,0,0,0,3,1,2,0,0,0,2,0,0,0,0,0,380,0,0,0,0,0,0,1,0,0,0,0,0,9,0,1,6,0,0,0,0,0,0,0,0,0,0,0,0,0,0,0,0,0,0,0,0,0,0,0,0,0,0,0,0,0,0,0,0,0,0,0,0,0,0,0,0,0,0,0,0,0,0,0,0,0,0,0,0
"93",0,0,0,0,0,23,0,4,0,0,0,0,0,1,1,0,0,0,0,0,0,0,0,0,0,0,3,0,2,0,2,0,0,0,0,78,2,0,1,0,0,2,0,0,0,0,0,9,0,0,1,0,0,2,0,2,0,0,0,0,0,0,1,0,1,0,0,1,1,0,0,0,0,0,374,0,0,0,0,0,0,0,0,0,0,0,0,3,0,0,17,0,0,0,0,0,0,0,0,0,0,0,0,0,0,0,0,0,0,0,0,0,0,0,0,0,0,0,0,0,0,0,0,0,0,0,0,0,0,0,0,0,0,0,0,0,0,0,0,0,0,0,0
"94",0,0,0,0,0,24,0,6,1,0,3,0,0,0,3,0,0,0,0,0,0,0,0,1,0,0,2,0,2,0,5,0,0,0,0,61,1,0,0,0,0,1,0,0,0,0,0,8,0,0,1,0,1,0,0,5,0,0,1,0,0,0,3,0,4,0,0,1,2,0,0,3,0,0,393,0,0,0,0,0,0,0,0,0,0,0,0,11,0,9,3,0,0,0,0,0,0,0,0,0,0,0,0,0,0,0,0,0,0,0,0,0,0,0,0,0,0,0,0,0,0,0,0,0,0,0,0,0,0,0,0,0,0,0,0,0,0,0,0,0,0,0,0
"95",1,0,0,0,0,36,0,5,0,0,0,0,0,0,6,0,0,0,0,0,0,0,0,0,0,0,5,0,1,0,1,0,0,0,0,89,0,1,0,0,0,0,0,0,0,0,0,2,0,0,0,0,0,0,0,18,1,0,0,0,0,0,6,0,1,0,0,0,5,0,0,1,0,0,341,0,0,0,0,0,0,0,0,0,0,1,0,3,0,3,2,1,0,0,0,0,0,0,0,0,0,0,0,0,0,0,0,0,0,0,0,0,0,0,0,0,0,0,0,0,0,0,0,0,0,0,0,0,0,0,0,0,0,0,0,0,0,0,0,0,0,0,0
"96",1,0,0,0,0,42,0,4,0,0,0,0,0,0,9,0,0,0,0,0,0,0,0,0,0,0,4,0,2,0,4,0,0,0,0,70,0,0,0,0,0,0,1,0,0,0,0,5,0,0,1,0,0,0,1,5,0,0,0,0,0,0,6,0,2,0,0,0,6,0,0,0,0,0,352,1,0,0,0,0,0,0,0,0,0,1,0,3,0,5,3,1,0,0,0,0,0,0,0,0,0,0,0,0,0,0,0,0,0,0,0,0,0,0,0,0,0,0,0,0,0,0,0,0,0,0,0,0,0,0,0,0,0,0,0,0,0,0,0,0,0,0,0
"97",1,0,0,0,0,9,0,6,0,0,0,0,0,0,9,0,0,0,0,4,0,0,0,0,0,0,3,0,2,0,3,0,0,0,0,71,0,0,0,0,0,0,0,0,0,0,0,8,0,0,0,0,1,0,0,9,0,0,0,0,0,0,9,0,1,0,0,0,0,0,0,0,1,0,383,0,0,0,0,0,0,0,0,0,0,0,0,0,0,2,2,1,0,0,0,0,0,1,0,0,0,0,0,0,0,0,0,0,0,0,0,0,0,0,0,0,0,0,0,0,0,0,0,0,0,0,0,0,0,0,0,0,0,0,0,0,0,0,0,0,0,0,0
"98",0,0,0,0,0,6,0,4,0,0,0,0,0,0,11,0,0,0,0,0,0,0,0,0,0,0,5,2,0,0,0,0,0,0,0,87,1,0,0,1,0,0,1,0,0,0,0,5,0,0,0,0,1,0,0,2,0,0,0,0,0,0,3,0,0,0,0,0,0,0,0,0,0,0,383,0,0,0,0,0,0,0,0,0,0,0,0,1,0,5,1,0,0,0,0,0,0,0,0,0,0,0,0,0,0,0,0,0,0,0,0,0,0,0,0,0,0,0,0,0,0,0,0,0,0,0,0,0,0,0,0,0,0,0,0,0,0,0,0,0,0,0,0
"99",0,0,0,0,0,2,0,11,0,0,0,0,0,0,7,0,0,0,0,0,0,0,0,0,0,0,1,0,1,0,0,0,0,0,0,92,1,0,0,1,0,2,3,0,0,0,0,4,2,0,0,0,0,0,1,4,0,0,0,0,1,0,1,0,2,0,0,0,1,0,0,0,0,0,398,1,0,0,0,0,0,0,0,0,0,0,0,0,1,7,1,1,0,0,0,0,0,0,0,0,0,0,0,0,0,0,0,0,0,0,0,0,0,0,0,0,0,0,0,0,0,0,0,0,0,0,0,0,0,0,0,0,0,0,0,0,0,0,0,0,0,0,0
"100",0,0,0,0,0,1,0,2,0,0,0,0,0,0,2,0,0,0,0,0,0,0,0,0,0,0,2,0,0,0,0,0,0,0,0,95,0,0,0,0,0,1,1,0,0,0,0,9,0,0,0,0,0,0,0,1,0,0,0,0,0,0,3,0,4,0,0,2,0,0,0,0,1,0,413,0,0,0,0,0,0,0,0,0,0,0,0,0,0,5,1,0,0,0,1,0,0,0,0,0,0,0,0,0,0,0,0,0,0,0,0,0,0,0,0,0,0,0,0,0,0,0,0,0,0,0,0,0,0,0,0,0,0,0,0,0,0,0,0,0,0,0,0
"101",1,0,0,0,0,2,0,8,1,0,0,0,0,1,5,0,1,0,0,0,0,1,0,0,0,0,3,0,0,0,1,0,0,0,0,70,0,0,0,0,0,0,0,0,0,0,0,4,0,0,0,0,0,0,1,3,0,0,0,0,1,0,5,0,2,0,0,1,3,0,0,1,0,0,400,1,0,0,0,0,0,0,0,0,0,0,0,1,0,9,0,1,0,0,0,0,0,0,0,0,0,0,0,0,0,0,0,0,0,0,0,0,0,0,0,0,0,0,0,0,0,0,0,0,0,0,0,0,0,0,0,0,0,0,0,0,0,0,0,0,0,0,0
"102",0,0,0,0,0,0,0,6,0,0,0,0,0,0,0,0,0,0,0,0,0,0,0,0,0,0,3,1,5,0,1,0,0,0,0,102,0,0,0,0,0,2,1,0,0,0,0,1,1,0,0,0,0,0,0,1,0,0,0,0,0,0,5,0,0,0,0,0,3,0,0,0,1,0,376,0,0,0,0,2,0,2,0,0,0,0,0,0,1,8,0,1,0,0,0,0,0,0,0,0,0,0,0,0,0,0,0,0,0,0,0,0,0,0,0,0,0,0,0,0,0,0,0,0,0,0,0,0,0,0,0,0,0,0,0,0,0,0,0,0,0,0,0
"103",0,0,0,0,0,3,0,4,0,0,0,0,0,0,1,0,0,0,0,11,0,0,0,0,0,0,2,0,4,0,0,0,0,0,0,211,0,0,0,0,0,1,0,0,0,0,0,1,1,0,0,0,0,0,0,2,0,0,1,0,0,0,3,0,1,0,0,0,2,1,0,1,0,0,268,0,0,0,0,0,0,0,0,0,0,0,0,0,0,112,0,0,0,0,0,0,0,0,0,0,0,0,0,0,0,0,0,0,0,0,0,0,0,0,0,0,0,0,0,0,0,0,0,0,0,0,0,0,0,0,0,0,0,0,0,0,0,0,0,0,0,0,0
"104",0,0,0,0,0,4,0,7,0,0,0,0,0,1,1,0,0,0,0,0,0,0,0,0,0,0,6,0,1,0,1,0,0,0,0,112,0,0,0,0,0,1,2,0,0,0,0,0,0,0,0,0,0,0,1,1,0,0,0,0,0,0,5,0,0,0,0,0,1,0,0,0,0,0,380,0,0,0,0,0,0,0,0,0,1,0,0,1,1,16,4,0,0,0,0,0,0,0,0,0,0,0,0,0,0,0,0,0,0,0,0,0,0,0,0,0,0,0,0,0,0,0,0,0,0,0,0,0,0,0,0,0,0,0,0,0,0,0,0,0,0,0,0
"105",0,0,0,0,0,3,0,3,0,0,0,0,0,1,1,0,0,0,0,0,0,0,0,0,0,0,5,0,0,0,3,0,0,0,0,81,4,0,0,1,0,0,1,0,0,0,0,8,1,0,0,0,0,0,1,2,0,0,0,0,0,0,3,0,3,0,0,0,2,0,0,1,0,0,394,0,0,0,0,0,0,0,0,0,0,0,0,1,0,20,2,2,0,0,0,0,0,0,0,0,0,0,0,0,0,0,0,0,0,0,0,0,0,0,0,0,0,0,0,0,0,0,0,0,0,0,0,0,0,0,0,0,0,0,0,0,0,0,0,0,0,0,0
"106",0,0,0,0,0,3,0,3,0,0,0,0,0,1,0,0,0,0,0,0,0,0,0,0,0,0,7,1,2,0,0,0,0,1,0,104,0,0,0,0,0,1,1,0,0,0,0,1,2,0,0,1,0,0,0,2,0,0,0,0,0,0,4,0,1,0,0,0,0,0,0,1,0,0,395,0,0,0,0,0,0,0,0,0,0,0,0,2,1,15,3,0,0,0,0,0,0,0,0,0,0,0,0,0,0,0,0,0,0,0,0,0,0,0,0,0,0,0,0,0,0,0,0,0,0,0,0,0,0,0,0,0,0,0,0,0,0,0,0,0,0,0,0
"107",0,0,0,0,0,0,0,8,0,0,0,0,0,1,0,0,0,0,0,0,0,0,0,0,0,0,3,0,4,0,0,0,0,0,0,89,0,0,0,0,0,0,0,0,0,0,0,0,1,0,0,0,0,0,1,0,0,0,0,0,0,0,0,0,1,0,0,0,0,0,0,0,1,0,407,0,0,0,0,1,0,0,0,0,0,0,0,0,1,33,1,0,0,0,0,0,0,0,0,0,0,0,0,0,0,0,0,0,0,0,0,0,0,0,0,0,0,0,0,0,0,0,0,0,0,0,0,0,0,0,0,0,0,0,0,0,0,0,0,0,0,0,0
"108",0,0,0,0,0,0,0,4,0,0,0,0,0,0,2,0,0,0,0,0,0,0,0,0,0,0,3,1,0,0,1,0,0,0,0,95,0,0,0,1,0,0,1,0,0,0,0,2,0,0,0,0,0,0,0,0,0,0,0,0,0,0,0,0,1,0,0,0,1,0,0,0,1,0,414,0,0,0,0,0,0,0,0,0,0,0,0,0,1,63,0,0,0,0,0,0,0,0,0,0,0,0,0,0,0,0,0,0,0,0,0,0,0,0,0,0,0,0,0,0,0,0,0,0,0,0,0,0,0,0,0,0,0,0,0,0,0,0,0,0,0,0,0
"109",0,0,0,0,0,0,0,17,0,0,0,0,0,0,16,0,0,0,0,0,0,0,0,0,0,0,1,0,0,0,1,0,0,0,0,104,0,0,0,0,0,1,1,0,0,0,0,2,0,0,0,0,0,0,0,0,0,0,0,0,0,0,0,0,1,0,0,1,0,0,0,0,0,0,381,0,1,0,0,1,0,0,0,0,0,0,0,0,0,177,0,1,0,0,0,0,0,0,0,0,0,0,0,0,0,0,0,0,0,0,0,0,0,0,0,0,0,0,0,0,0,0,0,0,0,0,0,0,0,0,0,0,0,0,0,0,0,0,0,0,0,0,0
